region,ym,prcp,n_stations,oni,month,phase
NorCal,1867-11-01,78.6,1,NA,11,Neutral
NorCal,1867-12-01,208.39999999999998,1,NA,12,Neutral
NorCal,1868-01-01,88.89999999999998,1,NA,1,Neutral
NorCal,1868-02-01,10,1,NA,2,Neutral
NorCal,1868-03-01,96.6,1,NA,3,Neutral
NorCal,1868-04-01,5.1,1,NA,4,Neutral
NorCal,1868-11-01,20.299999999999997,1,NA,11,Neutral
NorCal,1868-12-01,22.799999999999997,1,NA,12,Neutral
NorCal,1869-01-01,63.3,1,NA,1,Neutral
NorCal,1869-02-01,10.2,1,NA,2,Neutral
NorCal,1869-03-01,17.7,1,NA,3,Neutral
NorCal,1869-11-01,60.099999999999994,1,NA,11,Neutral
NorCal,1869-12-01,58.49999999999999,1,NA,12,Neutral
NorCal,1870-01-01,109.5,1,NA,1,Neutral
NorCal,1870-02-01,137.2,1,NA,2,Neutral
NorCal,1870-03-01,81.5,1,NA,3,Neutral
NorCal,1870-04-01,35.8,1,NA,4,Neutral
NorCal,1870-11-01,58.199999999999996,1,NA,11,Neutral
NorCal,1870-12-01,231.10000000000002,1,NA,12,Neutral
NorCal,1871-01-01,31.4,1,NA,1,Neutral
NorCal,1871-02-01,85.5,1,NA,2,Neutral
NorCal,1871-03-01,81.89999999999999,1,NA,3,Neutral
NorCal,1871-11-01,20,1,NA,11,Neutral
NorCal,1871-12-01,95.20000000000002,1,NA,12,Neutral
NorCal,1872-01-01,29.299999999999997,1,NA,1,Neutral
NorCal,1872-02-01,100.89999999999999,1,NA,2,Neutral
NorCal,1872-03-01,33.49999999999999,1,NA,3,Neutral
NorCal,1872-04-01,19.6,1,NA,4,Neutral
NorCal,1872-11-01,42.9,1,NA,11,Neutral
NorCal,1872-12-01,49.3,1,NA,12,Neutral
NorCal,1873-01-01,56.4,1,NA,1,Neutral
NorCal,1873-02-01,42.3,1,NA,2,Neutral
NorCal,1873-03-01,15.299999999999999,1,NA,3,Neutral
NorCal,1873-04-01,52.39999999999999,1,NA,4,Neutral
NorCal,1873-11-01,28.9,1,NA,11,Neutral
NorCal,1873-12-01,83.5,1,NA,12,Neutral
NorCal,1874-01-01,38.3,1,NA,1,Neutral
NorCal,1874-02-01,27.4,1,NA,2,Neutral
NorCal,1874-03-01,26.7,1,NA,3,Neutral
NorCal,1874-04-01,28.4,1,NA,4,Neutral
NorCal,1874-12-01,3.3,1,NA,12,Neutral
NorCal,1875-01-01,53.400000000000006,1,NA,1,Neutral
NorCal,1875-02-01,1.8,1,NA,2,Neutral
NorCal,1875-03-01,54.69999999999999,1,NA,3,Neutral
NorCal,1875-04-01,11.399999999999999,1,NA,4,Neutral
NorCal,1875-11-01,66.7,1,NA,11,Neutral
NorCal,1875-12-01,39.2,1,NA,12,Neutral
NorCal,1876-01-01,90.7,1,NA,1,Neutral
NorCal,1876-02-01,8.2,1,NA,2,Neutral
NorCal,1876-03-01,20.400000000000002,1,NA,3,Neutral
NorCal,1876-04-01,13.600000000000001,1,NA,4,Neutral
NorCal,1876-11-01,109.69999999999999,1,NA,11,Neutral
NorCal,1876-12-01,52.1,1,NA,12,Neutral
NorCal,1877-01-01,30.4,1,NA,1,Neutral
NorCal,1877-02-01,83.89999999999998,1,NA,2,Neutral
NorCal,1877-03-01,106.2,1,NA,3,Neutral
NorCal,1877-04-01,54.4,1,NA,4,Neutral
NorCal,1877-11-01,52.1,2,NA,11,Neutral
NorCal,1877-12-01,22.599999999999998,2,NA,12,Neutral
NorCal,1878-01-01,127.15,2,NA,1,Neutral
NorCal,1878-02-01,161.25,2,NA,2,Neutral
NorCal,1878-03-01,69.19999999999999,2,NA,3,Neutral
NorCal,1878-04-01,26.85,2,NA,4,Neutral
NorCal,1878-11-01,9.65,2,NA,11,Neutral
NorCal,1878-12-01,8.55,2,NA,12,Neutral
NorCal,1879-01-01,80.69999999999999,1,NA,1,Neutral
NorCal,1879-02-01,98.89999999999998,1,NA,2,Neutral
NorCal,1879-03-01,73.99999999999999,2,NA,3,Neutral
NorCal,1879-04-01,45.249999999999986,2,NA,4,Neutral
NorCal,1879-11-01,48.25,2,NA,11,Neutral
NorCal,1879-12-01,86.59999999999998,1,NA,12,Neutral
NorCal,1880-01-01,37.449999999999996,2,NA,1,Neutral
NorCal,1880-02-01,71.55,2,NA,2,Neutral
NorCal,1880-03-01,64.2,2,NA,3,Neutral
NorCal,1880-04-01,251.55,2,NA,4,Neutral
NorCal,1880-11-01,7.75,2,NA,11,Neutral
NorCal,1880-12-01,227.25,2,NA,12,Neutral
NorCal,1881-01-01,205.05,2,NA,1,Neutral
NorCal,1881-02-01,140.39999999999998,2,NA,2,Neutral
NorCal,1881-03-01,36.45,2,NA,3,Neutral
NorCal,1881-04-01,59.1,2,NA,4,Neutral
NorCal,1881-11-01,60.29999999999999,2,NA,11,Neutral
NorCal,1881-12-01,84.69999999999999,2,NA,12,Neutral
NorCal,1882-01-01,67.80000000000001,2,NA,1,Neutral
NorCal,1882-02-01,66.3,2,NA,2,Neutral
NorCal,1882-03-01,66.55000000000001,2,NA,3,Neutral
NorCal,1882-04-01,47.15,2,NA,4,Neutral
NorCal,1882-11-01,52.599999999999994,2,NA,11,Neutral
NorCal,1882-12-01,35.65,2,NA,12,Neutral
NorCal,1883-01-01,60.349999999999994,2,NA,1,Neutral
NorCal,1883-02-01,22.3,2,NA,2,Neutral
NorCal,1883-03-01,56.7,2,NA,3,Neutral
NorCal,1883-04-01,28.4,2,NA,4,Neutral
NorCal,1883-11-01,22.25,2,NA,11,Neutral
NorCal,1883-12-01,19.099999999999998,2,NA,12,Neutral
NorCal,1884-01-01,58.05000000000001,2,NA,1,Neutral
NorCal,1884-02-01,94.25,2,NA,2,Neutral
NorCal,1884-03-01,112.45000000000002,2,NA,3,Neutral
NorCal,1884-04-01,63.49999999999999,2,NA,4,Neutral
NorCal,1884-11-01,0,2,NA,11,Neutral
NorCal,1884-12-01,213.5,2,NA,12,Neutral
NorCal,1885-01-01,53.999999999999986,2,NA,1,Neutral
NorCal,1885-02-01,23.2,2,NA,2,Neutral
NorCal,1885-03-01,1.55,2,NA,3,Neutral
NorCal,1885-04-01,17.400000000000002,1,NA,4,Neutral
NorCal,1885-11-01,253.50000000000003,2,NA,11,Neutral
NorCal,1885-12-01,112.85,2,NA,12,Neutral
NorCal,1886-01-01,176,2,NA,1,Neutral
NorCal,1886-02-01,19.2,2,NA,2,Neutral
NorCal,1886-03-01,43.99999999999999,2,NA,3,Neutral
NorCal,1886-04-01,79.69999999999999,2,NA,4,Neutral
NorCal,1886-11-01,8.6,2,NA,11,Neutral
NorCal,1886-12-01,77.55,2,NA,12,Neutral
NorCal,1887-01-01,46.95,2,NA,1,Neutral
NorCal,1887-02-01,128.79999999999998,2,NA,2,Neutral
NorCal,1887-03-01,25.25,2,NA,3,Neutral
NorCal,1887-04-01,51.5,2,NA,4,Neutral
NorCal,1887-11-01,9.5,2,NA,11,Neutral
NorCal,1887-12-01,49.05,2,NA,12,Neutral
NorCal,1888-01-01,99.34999999999998,2,NA,1,Neutral
NorCal,1888-02-01,31.049999999999997,2,NA,2,Neutral
NorCal,1888-03-01,68.05,2,NA,3,Neutral
NorCal,1888-04-01,3.1999999999999997,2,NA,4,Neutral
NorCal,1888-11-01,68.35,2,NA,11,Neutral
NorCal,1888-12-01,68.3,2,NA,12,Neutral
NorCal,1889-01-01,37.599999999999994,2,NA,1,Neutral
NorCal,1889-02-01,8.399999999999999,1,NA,2,Neutral
NorCal,1889-03-01,172.4,2,NA,3,Neutral
NorCal,1889-04-01,17.1,2,NA,4,Neutral
NorCal,1889-11-01,67.94999999999999,2,NA,11,Neutral
NorCal,1889-12-01,147.44999999999996,2,NA,12,Neutral
NorCal,1890-01-01,178.55,2,NA,1,Neutral
NorCal,1890-02-01,102,2,NA,2,Neutral
NorCal,1890-03-01,88.5,2,NA,3,Neutral
NorCal,1890-04-01,28.599999999999998,2,NA,4,Neutral
NorCal,1890-11-01,0,1,NA,11,Neutral
NorCal,1890-12-01,169.7,1,NA,12,Neutral
NorCal,1891-01-01,10.85,2,NA,1,Neutral
NorCal,1891-02-01,134.5,2,NA,2,Neutral
NorCal,1891-03-01,71.14999999999999,2,NA,3,Neutral
NorCal,1891-04-01,43.55,2,NA,4,Neutral
NorCal,1891-11-01,26.000000000000004,2,NA,11,Neutral
NorCal,1891-12-01,76.69999999999999,2,NA,12,Neutral
NorCal,1892-01-01,58.099999999999994,3,NA,1,Neutral
NorCal,1892-02-01,60.53333333333333,3,NA,2,Neutral
NorCal,1892-03-01,54.133333333333326,3,NA,3,Neutral
NorCal,1892-04-01,44.099999999999994,2,NA,4,Neutral
NorCal,1892-11-01,116.2,3,NA,11,Neutral
NorCal,1892-12-01,133.33333333333331,3,NA,12,Neutral
NorCal,1893-01-01,96.11,10,NA,1,Neutral
NorCal,1893-02-01,97.91428571428571,14,NA,2,Neutral
NorCal,1893-03-01,147.38,10,NA,3,Neutral
NorCal,1893-04-01,49.223076923076924,13,NA,4,Neutral
NorCal,1893-11-01,103.01,10,NA,11,Neutral
NorCal,1893-12-01,65.70833333333333,12,NA,12,Neutral
NorCal,1894-01-01,190.91666666666666,12,NA,1,Neutral
NorCal,1894-02-01,126.91538461538462,13,NA,2,Neutral
NorCal,1894-03-01,42.2375,16,NA,3,Neutral
NorCal,1894-04-01,25.90714285714286,14,NA,4,Neutral
NorCal,1894-11-01,19.9,12,NA,11,Neutral
NorCal,1894-12-01,238.5857142857143,14,NA,12,Neutral
NorCal,1895-01-01,289.81428571428575,14,NA,1,Neutral
NorCal,1895-02-01,53.233333333333334,15,NA,2,Neutral
NorCal,1895-03-01,54.239999999999995,15,NA,3,Neutral
NorCal,1895-04-01,30.64117647058823,17,NA,4,Neutral
NorCal,1895-11-01,39.2,14,NA,11,Neutral
NorCal,1895-12-01,76.93333333333334,15,NA,12,Neutral
NorCal,1896-01-01,260.4642857142857,14,NA,1,Neutral
NorCal,1896-02-01,8.52142857142857,14,NA,2,Neutral
NorCal,1896-03-01,90.96923076923076,13,NA,3,Neutral
NorCal,1896-04-01,143.78571428571428,14,NA,4,Neutral
NorCal,1896-11-01,170.54285714285714,14,NA,11,Neutral
NorCal,1896-12-01,114.31333333333333,15,NA,12,Neutral
NorCal,1897-01-01,82.11428571428571,14,NA,1,Neutral
NorCal,1897-02-01,180.25333333333333,15,NA,2,Neutral
NorCal,1897-03-01,124.56153846153846,13,NA,3,Neutral
NorCal,1897-04-01,19.226666666666667,15,NA,4,Neutral
NorCal,1897-11-01,76.13333333333333,12,NA,11,Neutral
NorCal,1897-12-01,87.02499999999999,12,NA,12,Neutral
NorCal,1898-01-01,31.599999999999998,12,NA,1,Neutral
NorCal,1898-02-01,129.59166666666667,12,NA,2,Neutral
NorCal,1898-03-01,21.146153846153844,13,NA,3,Neutral
NorCal,1898-04-01,14.85,14,NA,4,Neutral
NorCal,1898-11-01,55.08333333333333,12,NA,11,Neutral
NorCal,1898-12-01,38.730769230769226,13,NA,12,Neutral
NorCal,1899-01-01,190.81666666666666,12,NA,1,Neutral
NorCal,1899-02-01,19.691666666666666,12,NA,2,Neutral
NorCal,1899-03-01,184.41666666666666,12,NA,3,Neutral
NorCal,1899-04-01,23.554545454545455,11,NA,4,Neutral
NorCal,1899-11-01,165.4,12,NA,11,Neutral
NorCal,1899-12-01,125.82777777777778,18,NA,12,Neutral
NorCal,1900-01-01,89.4625,16,NA,1,Neutral
NorCal,1900-02-01,36.6,18,NA,2,Neutral
NorCal,1900-03-01,92.23125,16,NA,3,Neutral
NorCal,1900-04-01,71.42,15,NA,4,Neutral
NorCal,1900-11-01,133.89285714285714,14,NA,11,Neutral
NorCal,1900-12-01,80.95714285714286,14,NA,12,Neutral
NorCal,1901-01-01,174.16923076923075,13,NA,1,Neutral
NorCal,1901-02-01,178.84545454545454,11,NA,2,Neutral
NorCal,1901-03-01,37.28181818181818,11,NA,3,Neutral
NorCal,1901-04-01,85.63333333333333,12,NA,4,Neutral
NorCal,1901-11-01,93.28888888888888,18,NA,11,Neutral
NorCal,1901-12-01,54.57058823529412,17,NA,12,Neutral
NorCal,1902-01-01,37.39473684210527,19,NA,1,Neutral
NorCal,1902-02-01,276.885,20,NA,2,Neutral
NorCal,1902-03-01,96.7578947368421,19,NA,3,Neutral
NorCal,1902-04-01,67.53999999999999,20,NA,4,Neutral
NorCal,1902-11-01,132.83,20,NA,11,Neutral
NorCal,1902-12-01,94.15,18,NA,12,Neutral
NorCal,1903-01-01,147.13181818181818,22,NA,1,Neutral
NorCal,1903-02-01,50.09090909090909,22,NA,2,Neutral
NorCal,1903-03-01,158.80555555555554,18,NA,3,Neutral
NorCal,1903-04-01,16.68181818181818,22,NA,4,Neutral
NorCal,1903-11-01,186.1238095238095,21,NA,11,Neutral
NorCal,1903-12-01,47.672,25,NA,12,Neutral
NorCal,1904-01-01,47.27391304347826,23,NA,1,Neutral
NorCal,1904-02-01,296.81363636363636,22,NA,2,Neutral
NorCal,1904-03-01,257.308,25,NA,3,Neutral
NorCal,1904-04-01,50.34782608695652,23,NA,4,Neutral
NorCal,1904-11-01,53.34615384615385,26,NA,11,Neutral
NorCal,1904-12-01,105.26923076923077,26,NA,12,Neutral
NorCal,1905-01-01,112.49259259259259,27,NA,1,Neutral
NorCal,1905-02-01,86.52307692307691,26,NA,2,Neutral
NorCal,1905-03-01,145.94642857142858,28,NA,3,Neutral
NorCal,1905-04-01,30.822222222222223,27,NA,4,Neutral
NorCal,1905-11-01,55.68636363636363,22,NA,11,Neutral
NorCal,1905-12-01,45.86666666666667,21,NA,12,Neutral
NorCal,1906-01-01,230.02173913043478,23,NA,1,Neutral
NorCal,1906-02-01,138.88695652173914,23,NA,2,Neutral
NorCal,1906-03-01,223.0392857142857,28,NA,3,Neutral
NorCal,1906-04-01,38.19444444444444,36,NA,4,Neutral
NorCal,1906-11-01,49.27837837837838,37,NA,11,Neutral
NorCal,1906-12-01,230.1526315789474,38,NA,12,Neutral
NorCal,1907-01-01,178.02307692307693,39,NA,1,Neutral
NorCal,1907-02-01,114.8,39,NA,2,Neutral
NorCal,1907-03-01,307.22,40,NA,3,Neutral
NorCal,1907-04-01,28.37560975609756,41,NA,4,Neutral
NorCal,1907-11-01,8.136363636363637,33,NA,11,Neutral
NorCal,1907-12-01,159.44324324324324,37,NA,12,Neutral
NorCal,1908-01-01,111.3275,40,NA,1,Neutral
NorCal,1908-02-01,97.45128205128205,39,NA,2,Neutral
NorCal,1908-03-01,36.11363636363636,44,NA,3,Neutral
NorCal,1908-04-01,13.666666666666666,42,NA,4,Neutral
NorCal,1908-11-01,55.6,43,NA,11,Neutral
NorCal,1908-12-01,64.41219512195121,41,NA,12,Neutral
NorCal,1909-01-01,468.6268292682926,41,NA,1,Neutral
NorCal,1909-02-01,220.26500000000001,40,NA,2,Neutral
NorCal,1909-03-01,92.295,40,NA,3,Neutral
NorCal,1909-04-01,2.3882352941176475,34,NA,4,Neutral
NorCal,1909-11-01,119.18809523809524,42,NA,11,Neutral
NorCal,1909-12-01,180.9568181818182,44,NA,12,Neutral
NorCal,1910-01-01,117.61081081081082,37,NA,1,Neutral
NorCal,1910-02-01,76.21363636363635,44,NA,2,Neutral
NorCal,1910-03-01,92.94146341463414,41,NA,3,Neutral
NorCal,1910-04-01,17.702173913043477,46,NA,4,Neutral
NorCal,1910-11-01,49.95869565217391,46,NA,11,Neutral
NorCal,1910-12-01,58.81666666666666,42,NA,12,Neutral
NorCal,1911-01-01,388.5558139534884,43,NA,1,Neutral
NorCal,1911-02-01,82.84,45,NA,2,Neutral
NorCal,1911-03-01,172.90652173913043,46,NA,3,Neutral
NorCal,1911-04-01,56.114583333333336,48,NA,4,Neutral
NorCal,1911-11-01,27.25208333333333,48,NA,11,Neutral
NorCal,1911-12-01,52.242553191489364,47,NA,12,Neutral
NorCal,1912-01-01,87.3953488372093,43,NA,1,Neutral
NorCal,1912-02-01,20.825000000000003,44,NA,2,Neutral
NorCal,1912-03-01,107.12619047619047,42,NA,3,Neutral
NorCal,1912-04-01,72.45,46,NA,4,Neutral
NorCal,1912-11-01,82.81666666666666,48,NA,11,Neutral
NorCal,1912-12-01,45.306382978723406,47,NA,12,Neutral
NorCal,1913-01-01,140.2511111111111,45,NA,1,Neutral
NorCal,1913-02-01,23.546938775510203,49,NA,2,Neutral
NorCal,1913-03-01,54.766,50,NA,3,Neutral
NorCal,1913-04-01,43.885416666666664,48,NA,4,Neutral
NorCal,1913-11-01,135.13953488372093,43,NA,11,Neutral
NorCal,1913-12-01,205.39807692307693,52,NA,12,Neutral
NorCal,1914-01-01,330.09183673469386,49,NA,1,Neutral
NorCal,1914-02-01,113.70400000000001,50,NA,2,Neutral
NorCal,1914-03-01,23.584615384615386,52,NA,3,Neutral
NorCal,1914-04-01,53.82115384615384,52,NA,4,Neutral
NorCal,1914-11-01,19.844,50,NA,11,Neutral
NorCal,1914-12-01,119.825,44,NA,12,Neutral
NorCal,1915-01-01,182.0659090909091,44,NA,1,Neutral
NorCal,1915-02-01,240.36938775510205,49,NA,2,Neutral
NorCal,1915-03-01,57.528571428571425,49,NA,3,Neutral
NorCal,1915-04-01,35.25283018867925,53,NA,4,Neutral
NorCal,1915-11-01,46.996078431372545,51,NA,11,Neutral
NorCal,1915-12-01,164.288,50,NA,12,Neutral
NorCal,1916-01-01,351.0022222222222,45,NA,1,Neutral
NorCal,1916-02-01,102.45531914893617,47,NA,2,Neutral
NorCal,1916-03-01,78.96444444444444,45,NA,3,Neutral
NorCal,1916-04-01,13.191891891891892,37,NA,4,Neutral
NorCal,1916-11-01,57.52941176470588,34,NA,11,Neutral
NorCal,1916-12-01,146.4279069767442,43,NA,12,Neutral
NorCal,1917-01-01,57.01724137931034,29,NA,1,Neutral
NorCal,1917-02-01,180.14285714285714,35,NA,2,Neutral
NorCal,1917-03-01,44.19393939393939,33,NA,3,Neutral
NorCal,1917-04-01,47.637499999999996,32,NA,4,Neutral
NorCal,1917-11-01,37.58387096774194,31,NA,11,Neutral
NorCal,1917-12-01,48.17878787878788,33,NA,12,Neutral
NorCal,1918-01-01,29.074193548387097,31,NA,1,Neutral
NorCal,1918-02-01,170.32926829268294,41,NA,2,Neutral
NorCal,1918-03-01,159.45581395348836,43,NA,3,Neutral
NorCal,1918-04-01,26.451351351351352,37,NA,4,Neutral
NorCal,1918-11-01,86.57948717948717,39,NA,11,Neutral
NorCal,1918-12-01,57.3375,32,NA,12,Neutral
NorCal,1919-01-01,81.62777777777778,36,NA,1,Neutral
NorCal,1919-02-01,249.3875,32,NA,2,Neutral
NorCal,1919-03-01,88.82058823529411,34,NA,3,Neutral
NorCal,1919-04-01,22.55945945945946,37,NA,4,Neutral
NorCal,1919-11-01,28.573333333333334,30,NA,11,Neutral
NorCal,1919-12-01,119.25853658536586,41,NA,12,Neutral
NorCal,1920-01-01,20.275,28,NA,1,Neutral
NorCal,1920-02-01,46.989999999999995,40,NA,2,Neutral
NorCal,1920-03-01,137.285,40,NA,3,Neutral
NorCal,1920-04-01,71.28285714285714,35,NA,4,Neutral
NorCal,1920-11-01,188.35714285714283,28,NA,11,Neutral
NorCal,1920-12-01,191.4909090909091,33,NA,12,Neutral
NorCal,1921-01-01,215.1258064516129,31,NA,1,Neutral
NorCal,1921-02-01,60.02978723404255,47,NA,2,Neutral
NorCal,1921-03-01,71.92702702702702,37,NA,3,Neutral
NorCal,1921-04-01,15.405555555555555,36,NA,4,Neutral
NorCal,1921-11-01,49.306060606060605,33,NA,11,Neutral
NorCal,1921-12-01,185.07272727272726,33,NA,12,Neutral
NorCal,1922-01-01,64.68124999999999,32,NA,1,Neutral
NorCal,1922-02-01,180.96285714285716,35,NA,2,Neutral
NorCal,1922-03-01,93.23928571428571,28,NA,3,Neutral
NorCal,1922-04-01,17.258064516129032,31,NA,4,Neutral
NorCal,1922-11-01,99.34705882352941,34,NA,11,Neutral
NorCal,1922-12-01,214.72058823529412,34,NA,12,Neutral
NorCal,1923-01-01,92.93823529411765,34,NA,1,Neutral
NorCal,1923-02-01,26.258064516129032,31,NA,2,Neutral
NorCal,1923-03-01,7.4375,32,NA,3,Neutral
NorCal,1923-04-01,108.8027027027027,37,NA,4,Neutral
NorCal,1923-11-01,17.659375,32,NA,11,Neutral
NorCal,1923-12-01,46.699999999999996,46,NA,12,Neutral
NorCal,1924-01-01,64.39347826086957,46,NA,1,Neutral
NorCal,1924-02-01,66.14761904761905,42,NA,2,Neutral
NorCal,1924-03-01,51.170731707317074,41,NA,3,Neutral
NorCal,1924-04-01,16.26829268292683,41,NA,4,Neutral
NorCal,1924-11-01,68.20243902439024,41,NA,11,Neutral
NorCal,1924-12-01,122.99736842105263,38,NA,12,Neutral
NorCal,1925-01-01,47.83170731707317,41,NA,1,Neutral
NorCal,1925-02-01,202.76829268292684,41,NA,2,Neutral
NorCal,1925-03-01,72.25111111111111,45,NA,3,Neutral
NorCal,1925-04-01,71.75869565217391,46,NA,4,Neutral
NorCal,1925-11-01,52.544186046511626,43,NA,11,Neutral
NorCal,1925-12-01,45.69111111111111,45,NA,12,Neutral
NorCal,1926-01-01,114,49,NA,1,Neutral
NorCal,1926-02-01,167.60204081632654,49,NA,2,Neutral
NorCal,1926-03-01,7.932,50,NA,3,Neutral
NorCal,1926-04-01,124.58235294117648,51,NA,4,Neutral
NorCal,1926-11-01,237.5611111111111,54,NA,11,Neutral
NorCal,1926-12-01,53.71132075471698,53,NA,12,Neutral
NorCal,1927-01-01,116.5109090909091,55,NA,1,Neutral
NorCal,1927-02-01,223.18,55,NA,2,Neutral
NorCal,1927-03-01,68.50892857142857,56,NA,3,Neutral
NorCal,1927-04-01,72.51803278688524,61,NA,4,Neutral
NorCal,1927-11-01,123.43666666666667,60,NA,11,Neutral
NorCal,1927-12-01,82.3,59,NA,12,Neutral
NorCal,1928-01-01,57.062295081967214,61,NA,1,Neutral
NorCal,1928-02-01,63.87903225806451,62,NA,2,Neutral
NorCal,1928-03-01,166.1593220338983,59,NA,3,Neutral
NorCal,1928-04-01,51.53050847457627,59,NA,4,Neutral
NorCal,1928-11-01,95.50327868852459,61,NA,11,Neutral
NorCal,1928-12-01,103.29661016949153,59,NA,12,Neutral
NorCal,1929-01-01,42.606896551724134,58,NA,1,Neutral
NorCal,1929-02-01,60.82,60,NA,2,Neutral
NorCal,1929-03-01,61.92166666666667,60,NA,3,Neutral
NorCal,1929-04-01,50.749152542372876,59,NA,4,Neutral
NorCal,1929-11-01,0,59,NA,11,Neutral
NorCal,1929-12-01,177.53,60,NA,12,Neutral
NorCal,1930-01-01,135.325,56,NA,1,Neutral
NorCal,1930-02-01,97.73508771929824,57,NA,2,Neutral
NorCal,1930-03-01,83.95396825396826,63,NA,3,Neutral
NorCal,1930-04-01,50.51,60,NA,4,Neutral
NorCal,1930-11-01,65.71,60,NA,11,Neutral
NorCal,1930-12-01,18.860655737704917,61,NA,12,Neutral
NorCal,1931-01-01,117.15166666666666,60,NA,1,Neutral
NorCal,1931-02-01,53.615873015873014,63,NA,2,Neutral
NorCal,1931-03-01,50.10746268656716,67,NA,3,Neutral
NorCal,1931-04-01,24.277272727272727,66,NA,4,Neutral
NorCal,1931-11-01,74.97121212121212,66,NA,11,Neutral
NorCal,1931-12-01,242.1109375,64,NA,12,Neutral
NorCal,1932-01-01,96.70149253731343,67,NA,1,Neutral
NorCal,1932-02-01,72.99411764705881,68,NA,2,Neutral
NorCal,1932-03-01,37.595454545454544,66,NA,3,Neutral
NorCal,1932-04-01,48.971428571428575,63,NA,4,Neutral
NorCal,1932-11-01,31.786567164179104,67,NA,11,Neutral
NorCal,1932-12-01,75.04461538461538,65,NA,12,Neutral
NorCal,1933-01-01,157.67727272727274,66,NA,1,Neutral
NorCal,1933-02-01,28.418181818181818,66,NA,2,Neutral
NorCal,1933-03-01,89.63181818181819,66,NA,3,Neutral
NorCal,1933-04-01,13.75072463768116,69,NA,4,Neutral
NorCal,1933-11-01,1.1925373134328354,67,NA,11,Neutral
NorCal,1933-12-01,172.28805970149253,67,NA,12,Neutral
NorCal,1934-01-01,55.5859375,64,NA,1,Neutral
NorCal,1934-02-01,110.95151515151515,66,NA,2,Neutral
NorCal,1934-03-01,27.12121212121212,66,NA,3,Neutral
NorCal,1934-04-01,18.62463768115942,69,NA,4,Neutral
NorCal,1934-11-01,122.03636363636363,66,NA,11,Neutral
NorCal,1934-12-01,78.3970588235294,68,NA,12,Neutral
NorCal,1935-01-01,156.28484848484848,66,NA,1,Neutral
NorCal,1935-02-01,65.73692307692308,65,NA,2,Neutral
NorCal,1935-03-01,108.61515151515151,66,NA,3,Neutral
NorCal,1935-04-01,148.0530303030303,66,NA,4,Neutral
NorCal,1935-11-01,31.2044776119403,67,NA,11,Neutral
NorCal,1935-12-01,79.14696969696969,66,NA,12,Neutral
NorCal,1936-01-01,177.60597014925372,67,NA,1,Neutral
NorCal,1936-02-01,253.80151515151516,66,NA,2,Neutral
NorCal,1936-03-01,48.777142857142856,70,NA,3,Neutral
NorCal,1936-04-01,45.07878787878788,66,NA,4,Neutral
NorCal,1936-11-01,0.9617647058823531,68,NA,11,Neutral
NorCal,1936-12-01,106.72028985507247,69,NA,12,Neutral
NorCal,1937-01-01,110.89545454545454,66,NA,1,Neutral
NorCal,1937-02-01,183.71940298507462,67,NA,2,Neutral
NorCal,1937-03-01,150.5742424242424,66,NA,3,Neutral
NorCal,1937-04-01,46.82941176470588,68,NA,4,Neutral
NorCal,1937-11-01,131.07941176470587,68,NA,11,Neutral
NorCal,1937-12-01,168.7,72,NA,12,Neutral
NorCal,1938-01-01,114.14848484848484,66,NA,1,Neutral
NorCal,1938-02-01,260.1761194029851,67,NA,2,Neutral
NorCal,1938-03-01,223.0402985074627,67,NA,3,Neutral
NorCal,1938-04-01,58.58450704225352,71,NA,4,Neutral
NorCal,1938-11-01,42.33098591549295,71,NA,11,Neutral
NorCal,1938-12-01,46.38082191780822,73,NA,12,Neutral
NorCal,1939-01-01,86.44347826086957,69,NA,1,Neutral
NorCal,1939-02-01,58.356944444444444,72,NA,2,Neutral
NorCal,1939-03-01,80.79054054054053,74,NA,3,Neutral
NorCal,1939-04-01,10.791304347826086,69,NA,4,Neutral
NorCal,1939-11-01,9.65,74,NA,11,Neutral
NorCal,1939-12-01,81.33648648648649,74,NA,12,Neutral
NorCal,1940-01-01,269.49,70,NA,1,Neutral
NorCal,1940-02-01,271.2527777777778,72,NA,2,Neutral
NorCal,1940-03-01,157.1917808219178,73,NA,3,Neutral
NorCal,1940-04-01,30.104109589041094,73,NA,4,Neutral
NorCal,1940-11-01,54.451428571428565,70,NA,11,Neutral
NorCal,1940-12-01,267.6478873239437,71,NA,12,Neutral
NorCal,1941-01-01,199.05070422535212,71,NA,1,Neutral
NorCal,1941-02-01,208.30945945945948,74,NA,2,Neutral
NorCal,1941-03-01,110.10136986301369,73,NA,3,Neutral
NorCal,1941-04-01,115.24444444444445,72,NA,4,Neutral
NorCal,1941-11-01,68.34,75,NA,11,Neutral
NorCal,1941-12-01,257.97866666666664,75,NA,12,Neutral
NorCal,1942-01-01,145.415,80,NA,1,Neutral
NorCal,1942-02-01,142.35925925925926,81,NA,2,Neutral
NorCal,1942-03-01,60.20246913580247,81,NA,3,Neutral
NorCal,1942-04-01,128.33552631578948,76,NA,4,Neutral
NorCal,1942-11-01,146.226582278481,79,NA,11,Neutral
NorCal,1942-12-01,124.52692307692307,78,NA,12,Neutral
NorCal,1943-01-01,229.79642857142858,84,NA,1,Neutral
NorCal,1943-02-01,69.75061728395062,81,NA,2,Neutral
NorCal,1943-03-01,146.7642857142857,84,NA,3,Neutral
NorCal,1943-04-01,60.75833333333333,84,NA,4,Neutral
NorCal,1943-11-01,35.61590909090909,88,NA,11,Neutral
NorCal,1943-12-01,58.973255813953486,86,NA,12,Neutral
NorCal,1944-01-01,109.90348837209302,86,NA,1,Neutral
NorCal,1944-02-01,159.3267441860465,86,NA,2,Neutral
NorCal,1944-03-01,52.00561797752809,89,NA,3,Neutral
NorCal,1944-04-01,65.44719101123596,89,NA,4,Neutral
NorCal,1944-11-01,158.132183908046,87,NA,11,Neutral
NorCal,1944-12-01,96.42298850574713,87,NA,12,Neutral
NorCal,1945-01-01,41.5438202247191,89,NA,1,Neutral
NorCal,1945-02-01,169.3081395348837,86,NA,2,Neutral
NorCal,1945-03-01,120.43563218390804,87,NA,3,Neutral
NorCal,1945-04-01,17.195454545454545,88,NA,4,Neutral
NorCal,1945-11-01,120.00543478260869,92,NA,11,Neutral
NorCal,1945-12-01,241.6588888888889,90,NA,12,Neutral
NorCal,1946-01-01,51.5076923076923,91,NA,1,Neutral
NorCal,1946-02-01,71.06774193548387,93,NA,2,Neutral
NorCal,1946-03-01,85.425,88,NA,3,Neutral
NorCal,1946-04-01,9.042391304347825,92,NA,4,Neutral
NorCal,1946-11-01,132.75108695652173,92,NA,11,Neutral
NorCal,1946-12-01,82.98333333333333,90,NA,12,Neutral
NorCal,1947-01-01,32.12258064516129,93,NA,1,Neutral
NorCal,1947-02-01,76.91739130434783,92,NA,2,Neutral
NorCal,1947-03-01,113.69560439560439,91,NA,3,Neutral
NorCal,1947-04-01,24.41595744680851,94,NA,4,Neutral
NorCal,1947-11-01,32.2304347826087,92,NA,11,Neutral
NorCal,1947-12-01,34.31348314606741,89,NA,12,Neutral
NorCal,1948-01-01,79.60526315789474,95,NA,1,Neutral
NorCal,1948-02-01,61.254945054945054,91,NA,2,Neutral
NorCal,1948-03-01,130.61473684210526,95,NA,3,Neutral
NorCal,1948-04-01,168.8127659574468,94,NA,4,Neutral
NorCal,1948-11-01,44.19375,112,NA,11,Neutral
NorCal,1948-12-01,119.74954954954954,111,NA,12,Neutral
NorCal,1949-01-01,44.15714285714286,112,NA,1,Neutral
NorCal,1949-02-01,88.31363636363636,110,NA,2,Neutral
NorCal,1949-03-01,165.48771929824562,114,NA,3,Neutral
NorCal,1949-04-01,4.997413793103449,116,NA,4,Neutral
NorCal,1949-11-01,57.682758620689654,116,NA,11,Neutral
NorCal,1949-12-01,54.358823529411765,119,NA,12,Neutral
NorCal,1950-01-01,207.99075630252102,119,-1.53,1,LaNina
NorCal,1950-02-01,97.57699115044248,113,-1.34,2,LaNina
NorCal,1950-03-01,95.13865546218487,119,-1.16,3,LaNina
NorCal,1950-04-01,47.37983193277311,119,-1.18,4,LaNina
NorCal,1950-11-01,175.63189655172414,116,-0.6,11,LaNina
NorCal,1950-12-01,165.38823529411764,119,-0.8,12,LaNina
NorCal,1951-01-01,141.32436974789917,119,-0.82,1,LaNina
NorCal,1951-02-01,88.53482142857142,112,-0.54,2,LaNina
NorCal,1951-03-01,47.81570247933884,121,-0.17,3,Neutral
NorCal,1951-04-01,38.1225,120,0.18,4,Neutral
NorCal,1951-11-01,122.61681415929203,113,1.04,11,ElNino
NorCal,1951-12-01,224.26140350877193,114,0.81,12,ElNino
NorCal,1952-01-01,239.2617391304348,115,0.53,1,ElNino
NorCal,1952-02-01,96.02162162162162,111,0.37,2,Neutral
NorCal,1952-03-01,130.0948275862069,116,0.34,3,Neutral
NorCal,1952-04-01,36.45982905982906,117,0.29,4,Neutral
NorCal,1952-11-01,62.54830508474576,118,0.04,11,Neutral
NorCal,1952-12-01,249.15357142857144,112,0.15,12,Neutral
NorCal,1953-01-01,165.46260869565216,115,0.4,1,Neutral
NorCal,1953-02-01,12.55948275862069,116,0.6,2,ElNino
NorCal,1953-03-01,83.30172413793103,116,0.63,3,ElNino
NorCal,1953-04-01,85.03391304347826,115,0.66,4,ElNino
NorCal,1953-11-01,100.88695652173914,115,0.84,11,ElNino
NorCal,1953-12-01,38.82372881355932,118,0.81,12,ElNino
NorCal,1954-01-01,164.85641025641027,117,0.76,1,ElNino
NorCal,1954-02-01,103.6517543859649,114,0.47,2,Neutral
NorCal,1954-03-01,127.93448275862069,116,-0.05,3,Neutral
NorCal,1954-04-01,67.05378151260504,119,-0.41,4,Neutral
NorCal,1954-11-01,96.2728813559322,118,-0.73,11,LaNina
NorCal,1954-12-01,138.2495867768595,121,-0.66,12,LaNina
NorCal,1955-01-01,102.04102564102564,117,-0.68,1,LaNina
NorCal,1955-02-01,47.89666666666667,120,-0.62,2,LaNina
NorCal,1955-03-01,23.56,120,-0.69,3,LaNina
NorCal,1955-04-01,85.32416666666667,120,-0.8,4,LaNina
NorCal,1955-11-01,87.17950819672132,122,-1.67,11,LaNina
NorCal,1955-12-01,418.3040983606557,122,-1.47,12,LaNina
NorCal,1956-01-01,241.93697478991598,119,-1.11,1,LaNina
NorCal,1956-02-01,114.55126050420168,119,-0.76,2,LaNina
NorCal,1956-03-01,12.273553719008264,121,-0.63,3,LaNina
NorCal,1956-04-01,50.865289256198345,121,-0.54,4,LaNina
NorCal,1956-11-01,3.617073170731708,123,-0.43,11,Neutral
NorCal,1956-12-01,27.3702479338843,121,-0.43,12,Neutral
NorCal,1957-01-01,103.82314049586778,121,-0.25,1,Neutral
NorCal,1957-02-01,134.7235294117647,119,0.06,2,Neutral
NorCal,1957-03-01,100.10833333333333,120,0.41,3,Neutral
NorCal,1957-04-01,52.37213114754098,122,0.72,4,ElNino
NorCal,1957-11-01,47.92644628099173,121,1.53,11,ElNino
NorCal,1957-12-01,122.6075,120,1.74,12,ElNino
NorCal,1958-01-01,150.6390243902439,123,1.81,1,ElNino
NorCal,1958-02-01,261.7,116,1.66,2,ElNino
NorCal,1958-03-01,180.77333333333334,120,1.27,3,ElNino
NorCal,1958-04-01,124.66666666666667,123,0.93,4,ElNino
NorCal,1958-11-01,24.84444444444444,126,0.5,11,ElNino
NorCal,1958-12-01,40.30238095238095,126,0.61,12,ElNino
NorCal,1959-01-01,169.9806451612903,124,0.61,1,ElNino
NorCal,1959-02-01,160.93781512605042,119,0.62,2,ElNino
NorCal,1959-03-01,31.425781250000004,128,0.52,3,ElNino
NorCal,1959-04-01,19.684126984126983,126,0.33,4,Neutral
NorCal,1959-11-01,0.8367187500000003,128,0.05,11,Neutral
NorCal,1959-12-01,40.13671875,128,-0.04,12,Neutral
NorCal,1960-01-01,133.46016260162602,123,-0.1,1,Neutral
NorCal,1960-02-01,167.8828125,128,-0.1,2,Neutral
NorCal,1960-03-01,102.18031496062993,127,-0.07,3,Neutral
NorCal,1960-04-01,43.872093023255815,129,0.03,4,Neutral
NorCal,1960-11-01,134.7511811023622,127,0.12,11,Neutral
NorCal,1960-12-01,72.7860465116279,129,0.05,12,Neutral
NorCal,1961-01-01,75.6703125,128,0.04,1,Neutral
NorCal,1961-02-01,75.1648,125,0.03,2,Neutral
NorCal,1961-03-01,106.4031746031746,126,0.04,3,Neutral
NorCal,1961-04-01,34.51968503937008,127,0.09,4,Neutral
NorCal,1961-11-01,96.7824427480916,131,-0.19,11,Neutral
NorCal,1961-12-01,78.89545454545454,132,-0.16,12,Neutral
NorCal,1962-01-01,54.58702290076336,131,-0.24,1,Neutral
NorCal,1962-02-01,255.48503937007874,127,-0.22,2,Neutral
NorCal,1962-03-01,95.8576923076923,130,-0.2,3,Neutral
NorCal,1962-04-01,18.082575757575757,132,-0.26,4,Neutral
NorCal,1962-11-01,39.738931297709925,131,-0.31,11,Neutral
NorCal,1962-12-01,86.6763358778626,131,-0.43,12,Neutral
NorCal,1963-01-01,113.14469696969697,132,-0.4,1,Neutral
NorCal,1963-02-01,110.63307086614174,127,-0.15,2,Neutral
NorCal,1963-03-01,119.6689393939394,132,0.15,3,Neutral
NorCal,1963-04-01,155.4283464566929,127,0.27,4,Neutral
NorCal,1963-11-01,159.3648854961832,131,1.37,11,ElNino
NorCal,1963-12-01,20.63684210526316,133,1.31,12,ElNino
NorCal,1964-01-01,123.06766917293233,133,1.07,1,ElNino
NorCal,1964-02-01,8.374809160305343,131,0.62,2,ElNino
NorCal,1964-03-01,60.61804511278196,133,0.12,3,Neutral
NorCal,1964-04-01,17.80223880597015,134,-0.33,4,Neutral
NorCal,1964-11-01,129.2062015503876,129,-0.82,11,LaNina
NorCal,1964-12-01,296.26259541984734,131,-0.78,12,LaNina
NorCal,1965-01-01,144.47111111111113,135,-0.59,1,LaNina
NorCal,1965-02-01,27.57925925925926,135,-0.28,2,Neutral
NorCal,1965-03-01,45.0544776119403,134,-0.07,3,Neutral
NorCal,1965-04-01,108.41865671641791,134,0.18,4,Neutral
NorCal,1965-11-01,175.35746268656717,134,1.97,11,ElNino
NorCal,1965-12-01,100.25338345864661,133,1.72,12,ElNino
NorCal,1966-01-01,106.61481481481482,135,1.37,1,ElNino
NorCal,1966-02-01,70.16691729323308,133,1.17,2,ElNino
NorCal,1966-03-01,37.12888888888889,135,0.98,3,ElNino
NorCal,1966-04-01,27.175555555555558,135,0.66,4,ElNino
NorCal,1966-11-01,175.13014705882352,136,-0.18,11,Neutral
NorCal,1966-12-01,152.94222222222223,135,-0.3,12,Neutral
NorCal,1967-01-01,231.59485294117647,136,-0.41,1,Neutral
NorCal,1967-02-01,14.082222222222223,135,-0.48,2,Neutral
NorCal,1967-03-01,154.8186567164179,134,-0.53,3,LaNina
NorCal,1967-04-01,146.91353383458647,133,-0.45,4,Neutral
NorCal,1967-11-01,63.15661764705882,136,-0.34,11,Neutral
NorCal,1967-12-01,87.71259259259259,135,-0.44,12,Neutral
NorCal,1968-01-01,144.85555555555555,135,-0.64,1,LaNina
NorCal,1968-02-01,96.64926470588236,136,-0.74,2,LaNina
NorCal,1968-03-01,76.88676470588236,136,-0.62,3,LaNina
NorCal,1968-04-01,12.788970588235294,136,-0.44,4,Neutral
NorCal,1968-11-01,99.74518518518518,135,0.73,11,ElNino
NorCal,1968-12-01,167.6362962962963,135,0.98,12,ElNino
NorCal,1969-01-01,326.70909090909095,132,1.13,1,ElNino
NorCal,1969-02-01,218.45503875968993,129,1.09,2,ElNino
NorCal,1969-03-01,43.76304347826087,138,0.95,3,ElNino
NorCal,1969-04-01,61.14565217391304,138,0.77,4,ElNino
NorCal,1969-11-01,38.707913669064745,139,0.81,11,ElNino
NorCal,1969-12-01,199.0455882352941,136,0.63,12,ElNino
NorCal,1970-01-01,315.61323529411766,136,0.51,1,ElNino
NorCal,1970-02-01,62.12374100719424,139,0.34,2,Neutral
NorCal,1970-03-01,67.725,140,0.29,3,Neutral
NorCal,1970-04-01,21.11642857142857,140,0.19,4,Neutral
NorCal,1970-11-01,216.0116788321168,137,-0.86,11,LaNina
NorCal,1970-12-01,193.39777777777778,135,-1.15,12,LaNina
NorCal,1971-01-01,75.96499999999999,140,-1.36,1,LaNina
NorCal,1971-02-01,19.00785714285714,140,-1.38,2,LaNina
NorCal,1971-03-01,110.79285714285714,140,-1.12,3,LaNina
NorCal,1971-04-01,35.18785714285714,140,-0.85,4,LaNina
NorCal,1971-11-01,71.52857142857142,140,-0.96,11,LaNina
NorCal,1971-12-01,146.5955223880597,134,-0.9,12,LaNina
NorCal,1972-01-01,61.31142857142857,140,-0.71,1,LaNina
NorCal,1972-02-01,65.87851851851852,135,-0.35,2,Neutral
NorCal,1972-03-01,33.55467625899281,139,0.06,3,Neutral
NorCal,1972-04-01,54.11521739130435,138,0.41,4,Neutral
NorCal,1972-11-01,148.77835820895524,134,2.09,11,ElNino
NorCal,1972-12-01,96.38978102189782,137,2.12,12,ElNino
NorCal,1973-01-01,238.33703703703705,135,1.84,1,ElNino
NorCal,1973-02-01,175.81953124999998,128,1.25,2,ElNino
NorCal,1973-03-01,95.2590909090909,132,0.54,3,ElNino
NorCal,1973-04-01,10.541304347826086,138,-0.1,4,Neutral
NorCal,1973-11-01,256.4462121212121,132,-1.95,11,LaNina
NorCal,1973-12-01,151.60687022900763,131,-2.03,12,LaNina
NorCal,1974-01-01,154.1094890510949,137,-1.84,1,LaNina
NorCal,1974-02-01,59.24852941176471,136,-1.55,2,LaNina
NorCal,1974-03-01,189.7273381294964,139,-1.23,3,LaNina
NorCal,1974-04-01,67.40503597122301,139,-1.03,4,LaNina
NorCal,1974-11-01,36.41428571428571,140,-0.75,11,LaNina
NorCal,1974-12-01,96.39347826086956,138,-0.64,12,LaNina
NorCal,1975-01-01,58.04142857142857,140,-0.54,1,LaNina
NorCal,1975-02-01,201.73333333333335,132,-0.57,2,LaNina
NorCal,1975-03-01,185.7978102189781,137,-0.65,3,LaNina
NorCal,1975-04-01,62.52928571428571,140,-0.73,4,LaNina
NorCal,1975-11-01,36.39492753623188,138,-1.55,11,LaNina
NorCal,1975-12-01,31.310714285714283,140,-1.65,12,LaNina
NorCal,1976-01-01,14.169014084507042,142,-1.56,1,LaNina
NorCal,1976-02-01,82.49555555555555,135,-1.17,2,LaNina
NorCal,1976-03-01,41.75673758865248,141,-0.73,3,LaNina
NorCal,1976-04-01,44.53943661971831,142,-0.47,4,Neutral
NorCal,1976-11-01,28.838297872340426,141,0.86,11,ElNino
NorCal,1976-12-01,20.897142857142857,140,0.85,12,ElNino
NorCal,1977-01-01,48.33191489361702,141,0.71,1,ElNino
NorCal,1977-02-01,39.154225352112675,142,0.64,2,ElNino
NorCal,1977-03-01,50.504285714285714,140,0.34,3,Neutral
NorCal,1977-04-01,8.218115942028986,138,0.23,4,Neutral
NorCal,1977-11-01,89.4189393939394,132,0.81,11,ElNino
NorCal,1977-12-01,176.23492063492063,126,0.79,12,ElNino
NorCal,1978-01-01,273.2766129032258,124,0.69,1,ElNino
NorCal,1978-02-01,150.4968,125,0.42,2,Neutral
NorCal,1978-03-01,158.8909090909091,132,0.06,3,Neutral
NorCal,1978-04-01,118.57777777777777,135,-0.18,4,Neutral
NorCal,1978-11-01,61.157042253521126,142,-0.08,11,Neutral
NorCal,1978-12-01,38.3774647887324,142,0,12,Neutral
NorCal,1979-01-01,165.01388888888889,144,0.03,1,Neutral
NorCal,1979-02-01,173.41843971631207,141,0.07,2,Neutral
NorCal,1979-03-01,96.04275862068965,145,0.2,3,Neutral
NorCal,1979-04-01,44.72816901408451,142,0.28,4,Neutral
NorCal,1979-11-01,90.88581560283689,141,0.52,11,ElNino
NorCal,1979-12-01,131.98881118881118,143,0.64,12,ElNino
NorCal,1980-01-01,212.2409722222222,144,0.59,1,ElNino
NorCal,1980-02-01,229.44861111111112,144,0.46,2,Neutral
NorCal,1980-03-01,72.53945578231293,147,0.34,3,Neutral
NorCal,1980-04-01,47.99527027027027,148,0.38,4,Neutral
NorCal,1980-11-01,21.959740259740258,154,0.11,11,Neutral
NorCal,1980-12-01,89.53181818181818,154,-0.01,12,Neutral
NorCal,1981-01-01,161.8301282051282,156,-0.26,1,Neutral
NorCal,1981-02-01,66.5794701986755,151,-0.5,2,LaNina
NorCal,1981-03-01,125.66794871794872,156,-0.47,3,Neutral
NorCal,1981-04-01,29.035849056603773,159,-0.37,4,Neutral
NorCal,1981-11-01,243.6184210526316,152,-0.15,11,Neutral
NorCal,1981-12-01,196.47814569536425,151,-0.08,12,Neutral
NorCal,1982-01-01,175.9635135135135,148,-0.05,1,Neutral
NorCal,1982-02-01,115.07364864864864,148,0.07,2,Neutral
NorCal,1982-03-01,208.94,140,0.19,3,Neutral
NorCal,1982-04-01,138.95217391304348,138,0.47,4,Neutral
NorCal,1982-11-01,181.43421052631578,152,2.18,11,ElNino
NorCal,1982-12-01,152.8031847133758,157,2.23,12,ElNino
NorCal,1983-01-01,198.10993377483445,151,2.18,1,ElNino
NorCal,1983-02-01,237.2019867549669,151,1.92,2,ElNino
NorCal,1983-03-01,295.16092715231787,151,1.54,3,ElNino
NorCal,1983-04-01,110.0364238410596,151,1.29,4,ElNino
NorCal,1983-11-01,264.57350993377486,151,-1,11,LaNina
NorCal,1983-12-01,262.2523178807947,151,-0.91,12,LaNina
NorCal,1984-01-01,12.009493670886076,158,-0.6,1,LaNina
NorCal,1984-02-01,87.37032258064517,155,-0.42,2,Neutral
NorCal,1984-03-01,66.21974522292993,157,-0.34,3,Neutral
NorCal,1984-04-01,44.90128205128205,156,-0.43,4,Neutral
NorCal,1984-11-01,225.72266666666667,150,-0.92,11,LaNina
NorCal,1984-12-01,54.516666666666666,150,-1.14,12,LaNina
NorCal,1985-01-01,25.1658064516129,155,-1.04,1,LaNina
NorCal,1985-02-01,71.21118421052631,152,-0.85,2,LaNina
NorCal,1985-03-01,119.25526315789473,152,-0.77,3,LaNina
NorCal,1985-04-01,10.794303797468354,158,-0.78,4,LaNina
NorCal,1985-11-01,130.67730496453902,141,-0.27,11,Neutral
NorCal,1985-12-01,82.26233766233766,154,-0.36,12,Neutral
NorCal,1986-01-01,139.15686274509804,153,-0.49,1,Neutral
NorCal,1986-02-01,368.5854166666667,144,-0.47,2,Neutral
NorCal,1986-03-01,163.6717105263158,152,-0.31,3,Neutral
NorCal,1986-04-01,31.08627450980392,153,-0.2,4,Neutral
NorCal,1986-11-01,15.062666666666667,150,1.14,11,ElNino
NorCal,1986-12-01,42.21946308724832,149,1.22,12,ElNino
NorCal,1987-01-01,98.71390728476821,151,1.23,1,ElNino
NorCal,1987-02-01,114.36666666666666,147,1.19,2,ElNino
NorCal,1987-03-01,120.73666666666666,150,1.06,3,ElNino
NorCal,1987-04-01,13.57643312101911,157,0.95,4,ElNino
NorCal,1987-11-01,64.9472972972973,148,1.25,11,ElNino
NorCal,1987-12-01,173.60608108108107,148,1.11,12,ElNino
NorCal,1988-01-01,134.82585034013604,147,0.81,1,ElNino
NorCal,1988-02-01,13.522222222222222,153,0.54,2,ElNino
NorCal,1988-03-01,19.100662251655628,151,0.14,3,Neutral
NorCal,1988-04-01,66.53288590604026,149,-0.31,4,Neutral
NorCal,1988-11-01,164.71066666666667,150,-1.8,11,LaNina
NorCal,1988-12-01,103.94961832061068,131,-1.85,12,LaNina
NorCal,1989-01-01,46.363157894736844,152,-1.69,1,LaNina
NorCal,1989-02-01,54.06486486486486,148,-1.43,2,LaNina
NorCal,1989-03-01,224.8185430463576,151,-1.08,3,LaNina
NorCal,1989-04-01,32.549032258064514,155,-0.83,4,LaNina
NorCal,1989-11-01,48.31883116883117,154,-0.16,11,Neutral
NorCal,1989-12-01,2.9616352201257867,159,-0.05,12,Neutral
NorCal,1990-01-01,125.09933774834437,151,0.14,1,Neutral
NorCal,1990-02-01,85.47565789473684,152,0.21,2,Neutral
NorCal,1990-03-01,48.68181818181818,154,0.28,3,Neutral
NorCal,1990-04-01,27.909615384615385,156,0.29,4,Neutral
NorCal,1990-11-01,24.00718954248366,153,0.4,11,Neutral
NorCal,1990-12-01,34.710967741935484,155,0.41,12,Neutral
NorCal,1991-01-01,20.06,155,0.41,1,Neutral
NorCal,1991-02-01,65.34313725490196,153,0.26,2,Neutral
NorCal,1991-03-01,305.5568493150685,146,0.22,3,Neutral
NorCal,1991-04-01,28.429139072847683,151,0.26,4,Neutral
NorCal,1991-11-01,40.57972972972973,148,1.21,11,ElNino
NorCal,1991-12-01,68.64834437086093,151,1.53,12,ElNino
NorCal,1992-01-01,51.820394736842104,152,1.71,1,ElNino
NorCal,1992-02-01,187.8048951048951,143,1.63,2,ElNino
NorCal,1992-03-01,90.29440559440559,143,1.48,3,ElNino
NorCal,1992-04-01,29.579194630872482,149,1.29,4,ElNino
NorCal,1992-11-01,16.744666666666667,150,-0.28,11,Neutral
NorCal,1992-12-01,228.34444444444446,144,-0.13,12,Neutral
NorCal,1993-01-01,268.93333333333334,144,0.09,1,Neutral
NorCal,1993-02-01,172.92291666666668,144,0.3,2,Neutral
NorCal,1993-03-01,103.77096774193548,155,0.5,3,ElNino
NorCal,1993-04-01,45.86783216783217,143,0.67,4,ElNino
NorCal,1993-11-01,52.28079470198676,151,0.04,11,Neutral
NorCal,1993-12-01,89.6374149659864,147,0.06,12,Neutral
NorCal,1994-01-01,62.4375,152,0.06,1,Neutral
NorCal,1994-02-01,138.36783216783218,143,0.07,2,Neutral
NorCal,1994-03-01,24.54967741935484,155,0.17,3,Neutral
NorCal,1994-04-01,47.074829931972786,147,0.31,4,Neutral
NorCal,1994-11-01,158.85774647887325,142,1.01,11,ElNino
NorCal,1994-12-01,104.87448275862069,145,1.09,12,ElNino
NorCal,1995-01-01,402.49310344827586,145,0.96,1,ElNino
NorCal,1995-02-01,29.626973684210526,152,0.72,2,ElNino
NorCal,1995-03-01,336.5543624161074,149,0.53,3,ElNino
NorCal,1995-04-01,101.01342281879195,149,0.3,4,Neutral
NorCal,1995-11-01,10.794904458598726,157,-1,11,LaNina
NorCal,1995-12-01,213.62587412587413,143,-0.98,12,LaNina
NorCal,1996-01-01,206.74054054054054,148,-0.9,1,LaNina
NorCal,1996-02-01,218.23819444444445,144,-0.75,2,LaNina
NorCal,1996-03-01,92.2437908496732,153,-0.59,3,LaNina
NorCal,1996-04-01,82.15065789473684,152,-0.39,4,Neutral
NorCal,1996-11-01,124.64640522875817,153,-0.45,11,Neutral
NorCal,1996-12-01,353.6150684931507,146,-0.49,12,Neutral
NorCal,1997-01-01,297.2691780821918,146,-0.5,1,LaNina
NorCal,1997-02-01,19.141216216216215,148,-0.36,2,Neutral
NorCal,1997-03-01,29.174675324675324,154,-0.1,3,Neutral
NorCal,1997-04-01,30.973417721518988,158,0.28,4,Neutral
NorCal,1997-11-01,143.90337837837836,148,2.4,11,ElNino
NorCal,1997-12-01,80.57006369426752,157,2.39,12,ElNino
NorCal,1998-01-01,266.3771812080537,149,2.24,1,ElNino
NorCal,1998-02-01,363.59455782312926,147,1.93,2,ElNino
NorCal,1998-03-01,118.1828947368421,152,1.44,3,ElNino
NorCal,1998-04-01,76.15714285714286,154,0.99,4,ElNino
NorCal,1998-11-01,158.722,150,-1.48,11,LaNina
NorCal,1998-12-01,59.1658064516129,155,-1.57,12,LaNina
NorCal,1999-01-01,139.63012820512822,156,-1.55,1,LaNina
NorCal,1999-02-01,213.18724832214767,149,-1.3,2,LaNina
NorCal,1999-03-01,83.20372670807453,161,-1.07,3,LaNina
NorCal,1999-04-01,59.50125,160,-0.98,4,LaNina
NorCal,1999-11-01,79.12745098039215,153,-1.46,11,LaNina
NorCal,1999-12-01,21.74135802469136,162,-1.65,12,LaNina
NorCal,2000-01-01,211.87579617834396,157,-1.66,1,LaNina
NorCal,2000-02-01,257.740522875817,153,-1.41,2,LaNina
NorCal,2000-03-01,59.915625,160,-1.07,3,LaNina
NorCal,2000-04-01,54.46100628930817,159,-0.81,4,LaNina
NorCal,2000-11-01,30.746666666666666,165,-0.75,11,LaNina
NorCal,2000-12-01,31.9789156626506,166,-0.74,12,LaNina
NorCal,2001-01-01,100.80416666666667,168,-0.68,1,LaNina
NorCal,2001-02-01,135.98447204968943,161,-0.52,2,LaNina
NorCal,2001-03-01,60.847852760736195,163,-0.44,3,Neutral
NorCal,2001-04-01,65.25548780487804,164,-0.34,4,Neutral
NorCal,2001-11-01,148.34968944099379,161,-0.35,11,Neutral
NorCal,2001-12-01,224.871974522293,157,-0.31,12,Neutral
NorCal,2002-01-01,82.09939024390243,164,-0.15,1,Neutral
NorCal,2002-02-01,55.451829268292684,164,0.03,2,Neutral
NorCal,2002-03-01,87.31104294478527,163,0.09,3,Neutral
NorCal,2002-04-01,31.602395209580838,167,0.2,4,Neutral
NorCal,2002-11-01,104.6437125748503,167,1.31,11,ElNino
NorCal,2002-12-01,306.1277777777778,162,1.14,12,ElNino
NorCal,2003-01-01,68.9029761904762,168,0.92,1,ElNino
NorCal,2003-02-01,55.51341463414634,164,0.63,2,ElNino
NorCal,2003-03-01,83.04850299401197,167,0.38,3,Neutral
NorCal,2003-04-01,139.210625,160,-0.04,4,Neutral
NorCal,2003-11-01,71.78662420382166,157,0.35,11,Neutral
NorCal,2003-12-01,231.27215189873417,158,0.35,12,Neutral
NorCal,2004-01-01,84.625625,160,0.37,1,Neutral
NorCal,2004-02-01,188.2746835443038,158,0.31,2,Neutral
NorCal,2004-03-01,32.88855421686747,166,0.23,3,Neutral
NorCal,2004-04-01,20.740384615384617,156,0.17,4,Neutral
NorCal,2004-11-01,55.59679487179487,156,0.66,11,ElNino
NorCal,2004-12-01,172.691875,160,0.69,12,ElNino
NorCal,2005-01-01,153.7974025974026,154,0.64,1,ElNino
NorCal,2005-02-01,94.95806451612903,155,0.58,2,ElNino
NorCal,2005-03-01,140.51077844311376,167,0.45,3,Neutral
NorCal,2005-04-01,60.02670807453416,161,0.43,4,Neutral
NorCal,2005-11-01,77.91375000000001,160,-0.57,11,LaNina
NorCal,2005-12-01,330.75723684210527,152,-0.84,12,LaNina
NorCal,2006-01-01,156.15290322580645,155,-0.85,1,LaNina
NorCal,2006-02-01,101.68716216216217,148,-0.77,2,LaNina
NorCal,2006-03-01,206.97682119205297,151,-0.57,3,LaNina
NorCal,2006-04-01,157.5751633986928,153,-0.37,4,Neutral
NorCal,2006-11-01,80.25949367088607,158,0.94,11,ElNino
NorCal,2006-12-01,116.22264150943396,159,0.94,12,ElNino
NorCal,2007-01-01,25.55393939393939,165,0.66,1,ElNino
NorCal,2007-02-01,172.63181818181818,154,0.22,2,Neutral
NorCal,2007-03-01,23.97125748502994,167,-0.12,3,Neutral
NorCal,2007-04-01,48.0858024691358,162,-0.32,4,Neutral
NorCal,2007-11-01,22.953086419753085,162,-1.5,11,LaNina
NorCal,2007-12-01,109.51783439490445,157,-1.6,12,LaNina
NorCal,2008-01-01,229.74671052631578,152,-1.64,1,LaNina
NorCal,2008-02-01,103.10822784810127,158,-1.52,2,LaNina
NorCal,2008-03-01,23.174375,160,-1.29,3,LaNina
NorCal,2008-04-01,10.146296296296297,162,-1.01,4,LaNina
NorCal,2008-11-01,78.85660377358491,159,-0.55,11,LaNina
NorCal,2008-12-01,96.10833333333333,156,-0.73,12,LaNina
NorCal,2009-01-01,50.37888198757764,161,-0.85,1,LaNina
NorCal,2009-02-01,176.44897959183672,147,-0.79,2,LaNina
NorCal,2009-03-01,100.13831168831169,154,-0.61,3,LaNina
NorCal,2009-04-01,24.717073170731705,164,-0.33,4,Neutral
NorCal,2009-11-01,33.26329113924051,158,1.36,11,ElNino
NorCal,2009-12-01,101.22012987012987,154,1.56,12,ElNino
NorCal,2010-01-01,189.52179487179487,156,1.5,1,ElNino
NorCal,2010-02-01,111.09155844155845,154,1.22,2,ElNino
NorCal,2010-03-01,84.50125786163522,159,0.84,3,ElNino
NorCal,2010-04-01,123.47337662337662,154,0.35,4,Neutral
NorCal,2010-11-01,111.8843137254902,153,-1.64,11,LaNina
NorCal,2010-12-01,254.56623376623375,154,-1.54,12,LaNina
NorCal,2011-01-01,43.46949152542373,118,-1.31,1,LaNina
NorCal,2011-02-01,118.75765765765766,111,-1.04,2,LaNina
NorCal,2011-03-01,248.86434782608697,115,-0.8,3,LaNina
NorCal,2011-04-01,44.778571428571425,112,-0.62,4,LaNina
NorCal,2011-11-01,46.06909090909091,110,-1.02,11,LaNina
NorCal,2011-12-01,9.700840336134453,119,-0.92,12,LaNina
NorCal,2012-01-01,111.6948275862069,116,-0.72,1,LaNina
NorCal,2012-02-01,43.316071428571426,112,-0.57,2,LaNina
NorCal,2012-03-01,184.57033898305085,118,-0.46,3,Neutral
NorCal,2012-04-01,83.09752066115702,121,-0.36,4,Neutral
NorCal,2012-11-01,152.85401459854015,137,0.13,11,Neutral
NorCal,2012-12-01,231.91567164179105,134,-0.1,12,Neutral
NorCal,2013-01-01,29.03214285714286,140,-0.29,1,Neutral
NorCal,2013-02-01,15.458646616541353,133,-0.29,2,Neutral
NorCal,2013-03-01,44.729166666666664,144,-0.21,3,Neutral
NorCal,2013-04-01,28.101418439716312,141,-0.19,4,Neutral
NorCal,2013-11-01,25.833333333333332,147,-0.1,11,Neutral
NorCal,2013-12-01,17.181250000000002,144,-0.15,12,Neutral
NorCal,2014-01-01,24.777483443708608,151,-0.28,1,Neutral
NorCal,2014-02-01,171.73706293706294,143,-0.32,2,Neutral
NorCal,2014-03-01,109.1578947368421,152,-0.14,3,Neutral
NorCal,2014-04-01,40.89801324503311,151,0.15,4,Neutral
NorCal,2014-11-01,70.80469798657718,149,0.71,11,ElNino
NorCal,2014-12-01,220.18026315789473,152,0.77,12,ElNino
NorCal,2015-01-01,5.908666666666666,150,0.69,1,ElNino
NorCal,2015-02-01,101.31793103448275,145,0.61,2,ElNino
NorCal,2015-03-01,16.252287581699346,153,0.65,3,ElNino
NorCal,2015-04-01,44.05612903225806,155,0.81,4,ElNino
NorCal,2015-11-01,73.21623376623377,154,2.64,11,ElNino
NorCal,2015-12-01,171.88187919463087,149,2.75,12,ElNino
NorCal,2016-01-01,223.5842105263158,152,2.63,1,ElNino
NorCal,2016-02-01,37.94503311258278,151,2.28,2,ElNino
NorCal,2016-03-01,199.53464052287583,153,1.71,3,ElNino
NorCal,2016-04-01,49.577922077922075,154,1.05,4,ElNino
NorCal,2016-11-01,74.47702702702703,148,-0.6,11,LaNina
NorCal,2016-12-01,152.9437086092715,151,-0.45,12,Neutral
NorCal,2017-01-01,374.85594405594406,143,-0.19,1,Neutral
NorCal,2017-02-01,304.5330935251799,139,-0.02,2,Neutral
NorCal,2017-03-01,95.53774834437085,151,0.18,3,Neutral
NorCal,2017-04-01,114.38698630136986,146,0.31,4,Neutral
NorCal,2017-11-01,139.96285714285713,140,-0.77,11,LaNina
NorCal,2017-12-01,10.368749999999999,144,-0.86,12,LaNina
NorCal,2018-01-01,116.15646258503402,147,-0.77,1,LaNina
NorCal,2018-02-01,19.55771812080537,149,-0.71,2,LaNina
NorCal,2018-03-01,208.34647887323945,142,-0.57,3,LaNina
NorCal,2018-04-01,82.05845070422535,142,-0.39,4,Neutral
NorCal,2018-11-01,106.68639455782312,147,0.97,11,ElNino
NorCal,2018-12-01,76.203007518797,133,0.92,12,ElNino
NorCal,2019-01-01,178.15217391304347,138,0.89,1,ElNino
NorCal,2019-02-01,317.8666666666667,138,0.86,2,ElNino
NorCal,2019-03-01,145.80689655172412,145,0.84,3,ElNino
NorCal,2019-04-01,44.05034482758621,145,0.77,4,ElNino
NorCal,2019-11-01,36.07682119205298,151,0.58,11,ElNino
NorCal,2019-12-01,167.84295302013425,149,0.66,12,ElNino
NorCal,2020-01-01,70.04324324324324,148,0.64,1,ElNino
NorCal,2020-02-01,2.9779310344827574,145,0.63,2,ElNino
NorCal,2020-03-01,89.37801418439716,141,0.53,3,ElNino
NorCal,2020-04-01,49.21830985915493,142,0.3,4,Neutral
NorCal,2020-11-01,50.18571428571428,147,-1.2,11,LaNina
NorCal,2020-12-01,64.04305555555555,144,-1.08,12,LaNina
NorCal,2021-01-01,116.1458904109589,146,-0.91,1,LaNina
NorCal,2021-02-01,52.01642857142857,140,-0.79,2,LaNina
NorCal,2021-03-01,56.88439716312057,141,-0.71,3,LaNina
NorCal,2021-04-01,10.596575342465753,146,-0.55,4,LaNina
NorCal,2021-11-01,37.219858156028366,141,-0.91,11,LaNina
NorCal,2021-12-01,227.5791366906475,139,-0.87,12,LaNina
NorCal,2022-01-01,14.604827586206897,145,-0.82,1,LaNina
NorCal,2022-02-01,7.144366197183097,142,-0.79,2,LaNina
NorCal,2022-03-01,28.472262773722626,137,-0.86,3,LaNina
NorCal,2022-04-01,70.60704225352113,142,-0.95,4,LaNina
NorCal,2022-11-01,69.1515625,128,-0.85,11,LaNina
NorCal,2022-12-01,292.2785714285714,126,-0.71,12,LaNina
NorCal,2023-01-01,282.8460431654676,139,-0.54,1,LaNina
NorCal,2023-02-01,111.97819548872181,133,-0.29,2,Neutral
NorCal,2023-03-01,249.07132352941179,136,-0.02,3,Neutral
NorCal,2023-04-01,18.360144927536233,138,0.27,4,Neutral
NorCal,2023-11-01,48.81369863013698,146,1.99,11,ElNino
NorCal,2023-12-01,102.37071428571429,140,2.06,12,ElNino
NorCal,2024-01-01,147.17,140,1.92,1,ElNino
NorCal,2024-02-01,189.575,136,1.62,2,ElNino
NorCal,2024-03-01,141.51567164179104,134,1.26,3,ElNino
NorCal,2024-04-01,37.72846715328467,137,0.82,4,ElNino
NorCal,2024-11-01,150.40075187969924,133,-0.3,11,Neutral
NorCal,2024-12-01,144.82631578947368,133,-0.42,12,Neutral
NorCal,2025-01-01,29.255797101449275,138,-0.45,1,Neutral
NorCal,2025-02-01,196.4288888888889,135,-0.24,2,Neutral
NorCal,2025-03-01,117.10225563909775,133,-0.06,3,Neutral
NorCal,2025-04-01,28.902898550724636,138,0.02,4,Neutral
NorCal,2025-11-01,110.72890625,128,-0.55,11,LaNina
NorCal,2025-12-01,173.93228346456692,127,-0.54,12,LaNina
NorCal,2026-01-01,91.4875,136,-0.37,1,Neutral
NorCal,2026-02-01,132.63636363636363,132,-0.14,2,Neutral
NorCal,2026-03-01,8.371126760563378,142,0.13,3,Neutral
NorCal,2026-04-01,100.80451127819549,133,0.51,4,ElNino
SoCal,1893-01-01,100.92,5,NA,1,Neutral
SoCal,1893-02-01,97,4,NA,2,Neutral
SoCal,1893-03-01,237.13333333333333,6,NA,3,Neutral
SoCal,1893-04-01,15.3,6,NA,4,Neutral
SoCal,1893-11-01,23.633333333333333,6,NA,11,Neutral
SoCal,1893-12-01,74.88333333333333,6,NA,12,Neutral
SoCal,1894-01-01,42.18571428571429,7,NA,1,Neutral
SoCal,1894-02-01,34.05,6,NA,2,Neutral
SoCal,1894-03-01,28.514285714285712,7,NA,3,Neutral
SoCal,1894-04-01,4.699999999999999,6,NA,4,Neutral
SoCal,1894-11-01,3.325,4,NA,11,Neutral
SoCal,1894-12-01,163.14,5,NA,12,Neutral
SoCal,1895-01-01,226.07142857142858,7,NA,1,Neutral
SoCal,1895-02-01,43.714285714285715,7,NA,2,Neutral
SoCal,1895-03-01,66.3125,8,NA,3,Neutral
SoCal,1895-04-01,15.9375,8,NA,4,Neutral
SoCal,1895-11-01,38.84285714285714,7,NA,11,Neutral
SoCal,1895-12-01,16.46666666666667,6,NA,12,Neutral
SoCal,1896-01-01,116.38333333333333,6,NA,1,Neutral
SoCal,1896-02-01,4.9,4,NA,2,Neutral
SoCal,1896-03-01,107.63999999999999,5,NA,3,Neutral
SoCal,1896-04-01,35.58,5,NA,4,Neutral
SoCal,1896-11-01,64.15,2,NA,11,Neutral
SoCal,1896-12-01,66.23333333333332,3,NA,12,Neutral
SoCal,1897-01-01,104.16666666666666,3,NA,1,Neutral
SoCal,1897-02-01,107.86666666666667,3,NA,2,Neutral
SoCal,1897-03-01,73.60000000000001,1,NA,3,Neutral
SoCal,1897-04-01,0.125,4,NA,4,Neutral
SoCal,1897-11-01,0.6666666666666667,3,NA,11,Neutral
SoCal,1897-12-01,3.5666666666666664,3,NA,12,Neutral
SoCal,1898-01-01,48.3,3,NA,1,Neutral
SoCal,1898-02-01,21.025000000000002,4,NA,2,Neutral
SoCal,1898-03-01,23.4,4,NA,3,Neutral
SoCal,1898-04-01,4.766666666666666,3,NA,4,Neutral
SoCal,1898-11-01,4.4799999999999995,5,NA,11,Neutral
SoCal,1898-12-01,21.76,5,NA,12,Neutral
SoCal,1899-01-01,95.625,4,NA,1,Neutral
SoCal,1899-02-01,14.45,6,NA,2,Neutral
SoCal,1899-03-01,57.86,5,NA,3,Neutral
SoCal,1899-04-01,15.82,5,NA,4,Neutral
SoCal,1899-11-01,42.666666666666664,6,NA,11,Neutral
SoCal,1899-12-01,40.95,6,NA,12,Neutral
SoCal,1900-01-01,68.58,5,NA,1,Neutral
SoCal,1900-02-01,2.28,5,NA,2,Neutral
SoCal,1900-03-01,33.266666666666666,6,NA,3,Neutral
SoCal,1900-04-01,49.96666666666666,6,NA,4,Neutral
SoCal,1900-11-01,115.675,4,NA,11,Neutral
SoCal,1900-12-01,1.85,4,NA,12,Neutral
SoCal,1901-01-01,115.4,6,NA,1,Neutral
SoCal,1901-02-01,157.83333333333334,6,NA,2,Neutral
SoCal,1901-03-01,21.014285714285716,7,NA,3,Neutral
SoCal,1901-04-01,25,5,NA,4,Neutral
SoCal,1901-11-01,13.649999999999999,6,NA,11,Neutral
SoCal,1901-12-01,1.2571428571428571,7,NA,12,Neutral
SoCal,1902-01-01,34.3125,8,NA,1,Neutral
SoCal,1902-02-01,64.7,7,NA,2,Neutral
SoCal,1902-03-01,88.3111111111111,9,NA,3,Neutral
SoCal,1902-04-01,19.488888888888887,9,NA,4,Neutral
SoCal,1902-11-01,49.58888888888888,9,NA,11,Neutral
SoCal,1902-12-01,51.4,7,NA,12,Neutral
SoCal,1903-01-01,36.511111111111106,9,NA,1,Neutral
SoCal,1903-02-01,53.577777777777776,9,NA,2,Neutral
SoCal,1903-03-01,102.14,10,NA,3,Neutral
SoCal,1903-04-01,61.339999999999996,10,NA,4,Neutral
SoCal,1903-11-01,1.15,8,NA,11,Neutral
SoCal,1903-12-01,0.8,8,NA,12,Neutral
SoCal,1904-01-01,8.966666666666667,9,NA,1,Neutral
SoCal,1904-02-01,56.77142857142857,7,NA,2,Neutral
SoCal,1904-03-01,119.07142857142858,7,NA,3,Neutral
SoCal,1904-04-01,23.587500000000002,8,NA,4,Neutral
SoCal,1904-11-01,0.5,8,NA,11,Neutral
SoCal,1904-12-01,28.2125,8,NA,12,Neutral
SoCal,1905-01-01,111.1625,8,NA,1,Neutral
SoCal,1905-02-01,136.67777777777778,9,NA,2,Neutral
SoCal,1905-03-01,123.92,5,NA,3,Neutral
SoCal,1905-04-01,19.08888888888889,9,NA,4,Neutral
SoCal,1905-11-01,56.99,10,NA,11,Neutral
SoCal,1905-12-01,19.87272727272727,11,NA,12,Neutral
SoCal,1906-01-01,54.28,10,NA,1,Neutral
SoCal,1906-02-01,73.89999999999999,8,NA,2,Neutral
SoCal,1906-03-01,151.66923076923078,13,NA,3,Neutral
SoCal,1906-04-01,19.526666666666667,15,NA,4,Neutral
SoCal,1906-11-01,31.326666666666664,15,NA,11,Neutral
SoCal,1906-12-01,107.95,14,NA,12,Neutral
SoCal,1907-01-01,132.1357142857143,14,NA,1,Neutral
SoCal,1907-02-01,36.11666666666667,12,NA,2,Neutral
SoCal,1907-03-01,102.94615384615383,13,NA,3,Neutral
SoCal,1907-04-01,9.715384615384615,13,NA,4,Neutral
SoCal,1907-11-01,1.8615384615384614,13,NA,11,Neutral
SoCal,1907-12-01,33.39090909090909,11,NA,12,Neutral
SoCal,1908-01-01,85.97142857142858,14,NA,1,Neutral
SoCal,1908-02-01,74.88461538461539,13,NA,2,Neutral
SoCal,1908-03-01,12.583333333333334,12,NA,3,Neutral
SoCal,1908-04-01,9.97,10,NA,4,Neutral
SoCal,1908-11-01,20.28,15,NA,11,Neutral
SoCal,1908-12-01,26.713333333333335,15,NA,12,Neutral
SoCal,1909-01-01,186.0666666666667,15,NA,1,Neutral
SoCal,1909-02-01,123.0375,16,NA,2,Neutral
SoCal,1909-03-01,79.52666666666666,15,NA,3,Neutral
SoCal,1909-04-01,1.6666666666666665,12,NA,4,Neutral
SoCal,1909-11-01,45.56666666666666,15,NA,11,Neutral
SoCal,1909-12-01,153.86153846153846,13,NA,12,Neutral
SoCal,1910-01-01,69.3,14,NA,1,Neutral
SoCal,1910-02-01,5.746666666666666,15,NA,2,Neutral
SoCal,1910-03-01,48.43571428571428,14,NA,3,Neutral
SoCal,1910-04-01,8.333333333333334,15,NA,4,Neutral
SoCal,1910-11-01,17.892857142857142,14,NA,11,Neutral
SoCal,1910-12-01,9.549999999999999,14,NA,12,Neutral
SoCal,1911-01-01,204.16666666666669,15,NA,1,Neutral
SoCal,1911-02-01,91.925,16,NA,2,Neutral
SoCal,1911-03-01,110.7,15,NA,3,Neutral
SoCal,1911-04-01,17.557142857142857,14,NA,4,Neutral
SoCal,1911-11-01,2.907142857142857,14,NA,11,Neutral
SoCal,1911-12-01,32.58571428571429,14,NA,12,Neutral
SoCal,1912-01-01,12.957142857142857,14,NA,1,Neutral
SoCal,1912-02-01,0.03333333333333334,15,NA,2,Neutral
SoCal,1912-03-01,182.48,15,NA,3,Neutral
SoCal,1912-04-01,42.684615384615384,13,NA,4,Neutral
SoCal,1912-11-01,16.776923076923076,13,NA,11,Neutral
SoCal,1912-12-01,2.4571428571428573,14,NA,12,Neutral
SoCal,1913-01-01,55.5625,16,NA,1,Neutral
SoCal,1913-02-01,112.29230769230769,13,NA,2,Neutral
SoCal,1913-03-01,19.753333333333334,15,NA,3,Neutral
SoCal,1913-04-01,11.076923076923077,13,NA,4,Neutral
SoCal,1913-11-01,54.97333333333333,15,NA,11,Neutral
SoCal,1913-12-01,33.93333333333333,15,NA,12,Neutral
SoCal,1914-01-01,225.70000000000002,14,NA,1,Neutral
SoCal,1914-02-01,140.8153846153846,13,NA,2,Neutral
SoCal,1914-03-01,20.884615384615383,13,NA,3,Neutral
SoCal,1914-04-01,24.43846153846154,13,NA,4,Neutral
SoCal,1914-11-01,12.714285714285715,14,NA,11,Neutral
SoCal,1914-12-01,95.70625,16,NA,12,Neutral
SoCal,1915-01-01,127.47999999999999,15,NA,1,Neutral
SoCal,1915-02-01,127.42142857142858,14,NA,2,Neutral
SoCal,1915-03-01,26.24705882352941,17,NA,3,Neutral
SoCal,1915-04-01,42.50666666666667,15,NA,4,Neutral
SoCal,1915-11-01,19.488235294117647,17,NA,11,Neutral
SoCal,1915-12-01,62.92222222222222,18,NA,12,Neutral
SoCal,1916-01-01,321.24666666666667,15,NA,1,Neutral
SoCal,1916-02-01,32.30714285714286,14,NA,2,Neutral
SoCal,1916-03-01,45.02142857142857,14,NA,3,Neutral
SoCal,1916-04-01,7.308333333333333,12,NA,4,Neutral
SoCal,1916-11-01,6.0625,8,NA,11,Neutral
SoCal,1916-12-01,97.62941176470588,17,NA,12,Neutral
SoCal,1917-01-01,89.08181818181818,11,NA,1,Neutral
SoCal,1917-02-01,70.69166666666666,12,NA,2,Neutral
SoCal,1917-03-01,8.466666666666667,12,NA,3,Neutral
SoCal,1917-04-01,34.041666666666664,12,NA,4,Neutral
SoCal,1917-11-01,12.34,10,NA,11,Neutral
SoCal,1917-12-01,0.22857142857142856,7,NA,12,Neutral
SoCal,1918-01-01,37.67777777777778,9,NA,1,Neutral
SoCal,1918-02-01,108.79473684210527,19,NA,2,Neutral
SoCal,1918-03-01,157.99375,16,NA,3,Neutral
SoCal,1918-04-01,2.444444444444444,9,NA,4,Neutral
SoCal,1918-11-01,45.417647058823526,17,NA,11,Neutral
SoCal,1918-12-01,47.878571428571426,14,NA,12,Neutral
SoCal,1919-01-01,16.085714285714285,14,NA,1,Neutral
SoCal,1919-02-01,69.00666666666666,15,NA,2,Neutral
SoCal,1919-03-01,51.72,10,NA,3,Neutral
SoCal,1919-04-01,11.593333333333334,15,NA,4,Neutral
SoCal,1919-11-01,31.9,10,NA,11,Neutral
SoCal,1919-12-01,46.58461538461538,13,NA,12,Neutral
SoCal,1920-01-01,24.227272727272727,11,NA,1,Neutral
SoCal,1920-02-01,97.71111111111111,18,NA,2,Neutral
SoCal,1920-03-01,117.73684210526315,19,NA,3,Neutral
SoCal,1920-04-01,25.976923076923075,13,NA,4,Neutral
SoCal,1920-11-01,17.726666666666667,15,NA,11,Neutral
SoCal,1920-12-01,33.33846153846154,13,NA,12,Neutral
SoCal,1921-01-01,99.6,18,NA,1,Neutral
SoCal,1921-02-01,30.544444444444444,18,NA,2,Neutral
SoCal,1921-03-01,60.6,16,NA,3,Neutral
SoCal,1921-04-01,8.8375,16,NA,4,Neutral
SoCal,1921-11-01,4.986666666666666,15,NA,11,Neutral
SoCal,1921-12-01,226.16666666666669,18,NA,12,Neutral
SoCal,1922-01-01,109.84705882352941,17,NA,1,Neutral
SoCal,1922-02-01,90.38947368421053,19,NA,2,Neutral
SoCal,1922-03-01,50.61666666666666,18,NA,3,Neutral
SoCal,1922-04-01,16.475,16,NA,4,Neutral
SoCal,1922-11-01,50.46111111111111,18,NA,11,Neutral
SoCal,1922-12-01,88.23529411764706,17,NA,12,Neutral
SoCal,1923-01-01,56.205882352941174,17,NA,1,Neutral
SoCal,1923-02-01,38.215384615384615,13,NA,2,Neutral
SoCal,1923-03-01,15.566666666666666,18,NA,3,Neutral
SoCal,1923-04-01,59.64666666666666,15,NA,4,Neutral
SoCal,1923-11-01,18.011764705882353,17,NA,11,Neutral
SoCal,1923-12-01,30.61304347826087,23,NA,12,Neutral
SoCal,1924-01-01,17.7,21,NA,1,Neutral
SoCal,1924-02-01,1.7722222222222224,18,NA,2,Neutral
SoCal,1924-03-01,90.46521739130434,23,NA,3,Neutral
SoCal,1924-04-01,34.805,20,NA,4,Neutral
SoCal,1924-11-01,23.86,20,NA,11,Neutral
SoCal,1924-12-01,38.626315789473686,19,NA,12,Neutral
SoCal,1925-01-01,5.053333333333333,15,NA,1,Neutral
SoCal,1925-02-01,21.542857142857144,21,NA,2,Neutral
SoCal,1925-03-01,56.23,20,NA,3,Neutral
SoCal,1925-04-01,55.75238095238095,21,NA,4,Neutral
SoCal,1925-11-01,19.36111111111111,18,NA,11,Neutral
SoCal,1925-12-01,35,21,NA,12,Neutral
SoCal,1926-01-01,36.45454545454545,22,NA,1,Neutral
SoCal,1926-02-01,76.93333333333334,21,NA,2,Neutral
SoCal,1926-03-01,10.539130434782608,23,NA,3,Neutral
SoCal,1926-04-01,151.19565217391306,23,NA,4,Neutral
SoCal,1926-11-01,75.42,20,NA,11,Neutral
SoCal,1926-12-01,83.172,25,NA,12,Neutral
SoCal,1927-01-01,19.5,25,NA,1,Neutral
SoCal,1927-02-01,214.38750000000002,24,NA,2,Neutral
SoCal,1927-03-01,56.425,24,NA,3,Neutral
SoCal,1927-04-01,17.075,24,NA,4,Neutral
SoCal,1927-11-01,23.432,25,NA,11,Neutral
SoCal,1927-12-01,69.40833333333333,24,NA,12,Neutral
SoCal,1928-01-01,8.995833333333334,24,NA,1,Neutral
SoCal,1928-02-01,53.525925925925925,27,NA,2,Neutral
SoCal,1928-03-01,36.396,25,NA,3,Neutral
SoCal,1928-04-01,6.1230769230769235,26,NA,4,Neutral
SoCal,1928-11-01,34.188,25,NA,11,Neutral
SoCal,1928-12-01,56.38181818181818,22,NA,12,Neutral
SoCal,1929-01-01,32.0875,24,NA,1,Neutral
SoCal,1929-02-01,34.216,25,NA,2,Neutral
SoCal,1929-03-01,40.59583333333333,24,NA,3,Neutral
SoCal,1929-04-01,36.884,25,NA,4,Neutral
SoCal,1929-11-01,0.42727272727272725,22,NA,11,Neutral
SoCal,1929-12-01,0.6857142857142858,21,NA,12,Neutral
SoCal,1930-01-01,121.19130434782609,23,NA,1,Neutral
SoCal,1930-02-01,21.276,25,NA,2,Neutral
SoCal,1930-03-01,77.648,25,NA,3,Neutral
SoCal,1930-04-01,13.961538461538462,26,NA,4,Neutral
SoCal,1930-11-01,40.488,25,NA,11,Neutral
SoCal,1930-12-01,0.8899999999999999,20,NA,12,Neutral
SoCal,1931-01-01,70.13333333333333,24,NA,1,Neutral
SoCal,1931-02-01,92.09565217391304,23,NA,2,Neutral
SoCal,1931-03-01,3.1166666666666667,24,NA,3,Neutral
SoCal,1931-04-01,43.484,25,NA,4,Neutral
SoCal,1931-11-01,54.8,24,NA,11,Neutral
SoCal,1931-12-01,131.308,25,NA,12,Neutral
SoCal,1932-01-01,49.788,25,NA,1,Neutral
SoCal,1932-02-01,153.3269230769231,26,NA,2,Neutral
SoCal,1932-03-01,5.314285714285714,28,NA,3,Neutral
SoCal,1932-04-01,13.831034482758621,29,NA,4,Neutral
SoCal,1932-11-01,1.251851851851852,27,NA,11,Neutral
SoCal,1932-12-01,46.913333333333334,30,NA,12,Neutral
SoCal,1933-01-01,161.3206896551724,29,NA,1,Neutral
SoCal,1933-02-01,1.8821428571428573,28,NA,2,Neutral
SoCal,1933-03-01,4.054838709677419,31,NA,3,Neutral
SoCal,1933-04-01,14.217241379310344,29,NA,4,Neutral
SoCal,1933-11-01,3.910344827586207,29,NA,11,Neutral
SoCal,1933-12-01,112.14814814814815,27,NA,12,Neutral
SoCal,1934-01-01,52.461290322580645,31,NA,1,Neutral
SoCal,1934-02-01,48.199999999999996,30,NA,2,Neutral
SoCal,1934-03-01,3.392592592592592,27,NA,3,Neutral
SoCal,1934-04-01,0.41071428571428575,28,NA,4,Neutral
SoCal,1934-11-01,45.50967741935484,31,NA,11,Neutral
SoCal,1934-12-01,76.36666666666666,30,NA,12,Neutral
SoCal,1935-01-01,75.8,35,NA,1,Neutral
SoCal,1935-02-01,54.705882352941174,34,NA,2,Neutral
SoCal,1935-03-01,60.497142857142855,35,NA,3,Neutral
SoCal,1935-04-01,48.417142857142856,35,NA,4,Neutral
SoCal,1935-11-01,16.808823529411764,34,NA,11,Neutral
SoCal,1935-12-01,20.041176470588233,34,NA,12,Neutral
SoCal,1936-01-01,9.875,36,NA,1,Neutral
SoCal,1936-02-01,160.16764705882352,34,NA,2,Neutral
SoCal,1936-03-01,28.757142857142856,35,NA,3,Neutral
SoCal,1936-04-01,15.77878787878788,33,NA,4,Neutral
SoCal,1936-11-01,6.751428571428572,35,NA,11,Neutral
SoCal,1936-12-01,125.31764705882352,34,NA,12,Neutral
SoCal,1937-01-01,49.348571428571425,35,NA,1,Neutral
SoCal,1937-02-01,115.96176470588236,34,NA,2,Neutral
SoCal,1937-03-01,91.33783783783784,37,NA,3,Neutral
SoCal,1937-04-01,8.66,35,NA,4,Neutral
SoCal,1937-11-01,1.4444444444444446,36,NA,11,Neutral
SoCal,1937-12-01,60.39189189189189,37,NA,12,Neutral
SoCal,1938-01-01,31.973684210526315,38,NA,1,Neutral
SoCal,1938-02-01,149.25128205128206,39,NA,2,Neutral
SoCal,1938-03-01,170.56666666666666,39,NA,3,Neutral
SoCal,1938-04-01,21.99736842105263,38,NA,4,Neutral
SoCal,1938-11-01,1.2324324324324325,37,NA,11,Neutral
SoCal,1938-12-01,118.69736842105263,38,NA,12,Neutral
SoCal,1939-01-01,59.00526315789474,38,NA,1,Neutral
SoCal,1939-02-01,37.23888888888889,36,NA,2,Neutral
SoCal,1939-03-01,34.43846153846154,39,NA,3,Neutral
SoCal,1939-04-01,12.609756097560975,41,NA,4,Neutral
SoCal,1939-11-01,11.528205128205128,39,NA,11,Neutral
SoCal,1939-12-01,13.55609756097561,41,NA,12,Neutral
SoCal,1940-01-01,74.63076923076923,39,NA,1,Neutral
SoCal,1940-02-01,94.48333333333333,42,NA,2,Neutral
SoCal,1940-03-01,22.729268292682928,41,NA,3,Neutral
SoCal,1940-04-01,29.795238095238094,42,NA,4,Neutral
SoCal,1940-11-01,9.67,40,NA,11,Neutral
SoCal,1940-12-01,133.53181818181818,44,NA,12,Neutral
SoCal,1941-01-01,58.71052631578947,38,NA,1,Neutral
SoCal,1941-02-01,150.53684210526316,38,NA,2,Neutral
SoCal,1941-03-01,152.74761904761905,42,NA,3,Neutral
SoCal,1941-04-01,80.68648648648649,37,NA,4,Neutral
SoCal,1941-11-01,15.606250000000001,48,NA,11,Neutral
SoCal,1941-12-01,94.37291666666667,48,NA,12,Neutral
SoCal,1942-01-01,12.7,46,NA,1,Neutral
SoCal,1942-02-01,19.740816326530613,49,NA,2,Neutral
SoCal,1942-03-01,25.581632653061224,49,NA,3,Neutral
SoCal,1942-04-01,45.37291666666666,48,NA,4,Neutral
SoCal,1942-11-01,7.580769230769231,52,NA,11,Neutral
SoCal,1942-12-01,24.364814814814817,54,NA,12,Neutral
SoCal,1943-01-01,199.8313725490196,51,NA,1,Neutral
SoCal,1943-02-01,60.92857142857143,49,NA,2,Neutral
SoCal,1943-03-01,75.314,50,NA,3,Neutral
SoCal,1943-04-01,26.16078431372549,51,NA,4,Neutral
SoCal,1943-11-01,3.062745098039216,51,NA,11,Neutral
SoCal,1943-12-01,128.57169811320756,53,NA,12,Neutral
SoCal,1944-01-01,20.33207547169811,53,NA,1,Neutral
SoCal,1944-02-01,154.88727272727274,55,NA,2,Neutral
SoCal,1944-03-01,37.41754385964912,57,NA,3,Neutral
SoCal,1944-04-01,19.892857142857142,56,NA,4,Neutral
SoCal,1944-11-01,94.76071428571429,56,NA,11,Neutral
SoCal,1944-12-01,21.5375,56,NA,12,Neutral
SoCal,1945-01-01,7.92,55,NA,1,Neutral
SoCal,1945-02-01,76.55087719298245,57,NA,2,Neutral
SoCal,1945-03-01,77.4037037037037,54,NA,3,Neutral
SoCal,1945-04-01,5.0344827586206895,58,NA,4,Neutral
SoCal,1945-11-01,7.495081967213115,61,NA,11,Neutral
SoCal,1945-12-01,101.69310344827586,58,NA,12,Neutral
SoCal,1946-01-01,7.275409836065573,61,NA,1,Neutral
SoCal,1946-02-01,24.033870967741937,62,NA,2,Neutral
SoCal,1946-03-01,66.74,60,NA,3,Neutral
SoCal,1946-04-01,9.90983606557377,61,NA,4,Neutral
SoCal,1946-11-01,111.6774193548387,62,NA,11,Neutral
SoCal,1946-12-01,59.84590163934426,61,NA,12,Neutral
SoCal,1947-01-01,9.704761904761904,63,NA,1,Neutral
SoCal,1947-02-01,12.180645161290322,62,NA,2,Neutral
SoCal,1947-03-01,23.4031746031746,63,NA,3,Neutral
SoCal,1947-04-01,6.257377049180327,61,NA,4,Neutral
SoCal,1947-11-01,4.243548387096774,62,NA,11,Neutral
SoCal,1947-12-01,38.53934426229508,61,NA,12,Neutral
SoCal,1948-01-01,0.6578124999999998,64,NA,1,Neutral
SoCal,1948-02-01,36.75396825396825,63,NA,2,Neutral
SoCal,1948-03-01,47.238095238095234,63,NA,3,Neutral
SoCal,1948-04-01,28.507936507936506,63,NA,4,Neutral
SoCal,1948-11-01,0.2413333333333333,75,NA,11,Neutral
SoCal,1948-12-01,51.524,75,NA,12,Neutral
SoCal,1949-01-01,69.41645569620253,79,NA,1,Neutral
SoCal,1949-02-01,36.155,80,NA,2,Neutral
SoCal,1949-03-01,35.76296296296296,81,NA,3,Neutral
SoCal,1949-04-01,1.91125,80,NA,4,Neutral
SoCal,1949-11-01,29.578048780487805,82,NA,11,Neutral
SoCal,1949-12-01,47.825301204819276,83,NA,12,Neutral
SoCal,1950-01-01,53.49629629629629,81,-1.53,1,LaNina
SoCal,1950-02-01,39.47654320987654,81,-1.34,2,LaNina
SoCal,1950-03-01,24.297560975609755,82,-1.16,3,LaNina
SoCal,1950-04-01,15.231707317073171,82,-1.18,4,LaNina
SoCal,1950-11-01,25.414634146341463,82,-0.6,11,LaNina
SoCal,1950-12-01,7.101249999999999,80,-0.8,12,LaNina
SoCal,1951-01-01,52.92530120481928,83,-0.82,1,LaNina
SoCal,1951-02-01,22.932530120481925,83,-0.54,2,LaNina
SoCal,1951-03-01,13.725301204819278,83,-0.17,3,Neutral
SoCal,1951-04-01,37.24235294117647,85,0.18,4,Neutral
SoCal,1951-11-01,26.85125,80,1.04,11,ElNino
SoCal,1951-12-01,111.65925925925926,81,0.81,12,ElNino
SoCal,1952-01-01,170.61875,80,0.53,1,ElNino
SoCal,1952-02-01,11.577777777777778,81,0.37,2,Neutral
SoCal,1952-03-01,131.89753086419753,81,0.34,3,Neutral
SoCal,1952-04-01,34.77073170731707,82,0.29,4,Neutral
SoCal,1952-11-01,66.55308641975309,81,0.04,11,Neutral
SoCal,1952-12-01,77.21071428571429,84,0.15,12,Neutral
SoCal,1953-01-01,23.319047619047616,84,0.4,1,Neutral
SoCal,1953-02-01,7.338554216867469,83,0.6,2,ElNino
SoCal,1953-03-01,19.93294117647059,85,0.63,3,ElNino
SoCal,1953-04-01,24.517857142857142,84,0.66,4,ElNino
SoCal,1953-11-01,28.232142857142854,84,0.84,11,ElNino
SoCal,1953-12-01,4.496296296296296,81,0.81,12,ElNino
SoCal,1954-01-01,101.82619047619048,84,0.76,1,ElNino
SoCal,1954-02-01,45.69285714285714,84,0.47,2,Neutral
SoCal,1954-03-01,89.37142857142857,84,-0.05,3,Neutral
SoCal,1954-04-01,4.696428571428571,84,-0.41,4,Neutral
SoCal,1954-11-01,31.05595238095238,84,-0.73,11,LaNina
SoCal,1954-12-01,25.22738095238095,84,-0.66,12,LaNina
SoCal,1955-01-01,89.86547619047619,84,-0.68,1,LaNina
SoCal,1955-02-01,28.502409638554216,83,-0.62,2,LaNina
SoCal,1955-03-01,9.49047619047619,84,-0.69,3,LaNina
SoCal,1955-04-01,31.110714285714284,84,-0.8,4,LaNina
SoCal,1955-11-01,24.96309523809524,84,-1.67,11,LaNina
SoCal,1955-12-01,50.34642857142857,84,-1.47,12,LaNina
SoCal,1956-01-01,104.5235294117647,85,-1.11,1,LaNina
SoCal,1956-02-01,14.974117647058824,85,-0.76,2,LaNina
SoCal,1956-03-01,0.14651162790697678,86,-0.63,3,LaNina
SoCal,1956-04-01,50.305882352941175,85,-0.54,4,LaNina
SoCal,1956-11-01,0,86,-0.43,11,Neutral
SoCal,1956-12-01,7.449411764705884,85,-0.43,12,Neutral
SoCal,1957-01-01,109.05058823529411,85,-0.25,1,Neutral
SoCal,1957-02-01,33.72674418604651,86,0.06,2,Neutral
SoCal,1957-03-01,24.25581395348837,86,0.41,3,Neutral
SoCal,1957-04-01,27.983720930232558,86,0.72,4,ElNino
SoCal,1957-11-01,14.91764705882353,85,1.53,11,ElNino
SoCal,1957-12-01,64.02619047619048,84,1.74,12,ElNino
SoCal,1958-01-01,41.25595238095238,84,1.81,1,ElNino
SoCal,1958-02-01,128.99036144578312,83,1.66,2,ElNino
SoCal,1958-03-01,114.06265060240963,83,1.27,3,ElNino
SoCal,1958-04-01,93.4855421686747,83,0.93,4,ElNino
SoCal,1958-11-01,5.948837209302326,86,0.5,11,ElNino
SoCal,1958-12-01,1.2458823529411762,85,0.61,12,ElNino
SoCal,1959-01-01,35.127906976744185,86,0.61,1,ElNino
SoCal,1959-02-01,99.1686046511628,86,0.62,2,ElNino
SoCal,1959-03-01,0.358139534883721,86,0.52,3,ElNino
SoCal,1959-04-01,11.275581395348837,86,0.33,4,Neutral
SoCal,1959-11-01,3.5922222222222224,90,0.05,11,Neutral
SoCal,1959-12-01,38.79887640449438,89,-0.04,12,Neutral
SoCal,1960-01-01,63.077528089887636,89,-0.1,1,Neutral
SoCal,1960-02-01,61.561797752808985,89,-0.1,2,Neutral
SoCal,1960-03-01,13.5875,88,-0.07,3,Neutral
SoCal,1960-04-01,31.91123595505618,89,0.03,4,Neutral
SoCal,1960-11-01,65.05164835164835,91,0.12,11,Neutral
SoCal,1960-12-01,7.98021978021978,91,0.05,12,Neutral
SoCal,1961-01-01,27.535164835164835,91,0.04,1,Neutral
SoCal,1961-02-01,2.2956043956043954,91,0.03,2,Neutral
SoCal,1961-03-01,21.20111111111111,90,0.04,3,Neutral
SoCal,1961-04-01,4.275555555555555,90,0.09,4,Neutral
SoCal,1961-11-01,41.20795454545455,88,-0.19,11,Neutral
SoCal,1961-12-01,40.33888888888889,90,-0.16,12,Neutral
SoCal,1962-01-01,58.94891304347826,92,-0.24,1,Neutral
SoCal,1962-02-01,195.2586956521739,92,-0.22,2,Neutral
SoCal,1962-03-01,30.391489361702128,94,-0.2,3,Neutral
SoCal,1962-04-01,0.35268817204301084,93,-0.26,4,Neutral
SoCal,1962-11-01,0.30645161290322576,93,-0.31,11,Neutral
SoCal,1962-12-01,9.632978723404255,94,-0.43,12,Neutral
SoCal,1963-01-01,17.53510638297872,94,-0.4,1,Neutral
SoCal,1963-02-01,77.57395833333334,96,-0.15,2,Neutral
SoCal,1963-03-01,49.95104166666667,96,0.15,3,Neutral
SoCal,1963-04-01,39.35208333333333,96,0.27,4,Neutral
SoCal,1963-11-01,54.693749999999994,96,1.37,11,ElNino
SoCal,1963-12-01,2.242708333333334,96,1.31,12,ElNino
SoCal,1964-01-01,40.63229166666667,96,1.07,1,ElNino
SoCal,1964-02-01,5.804166666666666,96,0.62,2,ElNino
SoCal,1964-03-01,45.871874999999996,96,0.12,3,Neutral
SoCal,1964-04-01,22.50526315789474,95,-0.33,4,Neutral
SoCal,1964-11-01,44.71157894736842,95,-0.82,11,LaNina
SoCal,1964-12-01,47.69473684210526,95,-0.78,12,LaNina
SoCal,1965-01-01,19.009473684210526,95,-0.59,1,LaNina
SoCal,1965-02-01,12.553191489361703,94,-0.28,2,Neutral
SoCal,1965-03-01,35.689473684210526,95,-0.07,3,Neutral
SoCal,1965-04-01,111.44526315789474,95,0.18,4,Neutral
SoCal,1965-11-01,194.1157894736842,95,1.97,11,ElNino
SoCal,1965-12-01,105.51368421052632,95,1.72,12,ElNino
SoCal,1966-01-01,27.04421052631579,95,1.37,1,ElNino
SoCal,1966-02-01,27.077659574468086,94,1.17,2,ElNino
SoCal,1966-03-01,10.08,95,0.98,3,ElNino
SoCal,1966-04-01,0.813684210526316,95,0.66,4,ElNino
SoCal,1966-11-01,55.24631578947368,95,-0.18,11,Neutral
SoCal,1966-12-01,131.44787234042553,94,-0.3,12,Neutral
SoCal,1967-01-01,77.6821052631579,95,-0.41,1,Neutral
SoCal,1967-02-01,3.332631578947368,95,-0.48,2,Neutral
SoCal,1967-03-01,52.90105263157894,95,-0.53,3,LaNina
SoCal,1967-04-01,89.65578947368421,95,-0.45,4,Neutral
SoCal,1967-11-01,92.62604166666667,96,-0.34,11,Neutral
SoCal,1967-12-01,45.03854166666667,96,-0.44,12,Neutral
SoCal,1968-01-01,20.208333333333332,96,-0.64,1,LaNina
SoCal,1968-02-01,18.649473684210527,95,-0.74,2,LaNina
SoCal,1968-03-01,53.08723404255319,94,-0.62,3,LaNina
SoCal,1968-04-01,16.919148936170213,94,-0.44,4,Neutral
SoCal,1968-11-01,14.551063829787234,94,0.73,11,ElNino
SoCal,1968-12-01,32.48315789473684,95,0.98,12,ElNino
SoCal,1969-01-01,269.96315789473687,95,1.13,1,ElNino
SoCal,1969-02-01,187.71473684210525,95,1.09,2,ElNino
SoCal,1969-03-01,25.72,95,0.95,3,ElNino
SoCal,1969-04-01,21.451063829787234,94,0.77,4,ElNino
SoCal,1969-11-01,32.40842105263158,95,0.81,11,ElNino
SoCal,1969-12-01,6.935483870967742,93,0.63,12,ElNino
SoCal,1970-01-01,40.8468085106383,94,0.51,1,ElNino
SoCal,1970-02-01,50.24148936170213,94,0.34,2,Neutral
SoCal,1970-03-01,69.58085106382978,94,0.29,3,Neutral
SoCal,1970-04-01,5.462365591397849,93,0.19,4,Neutral
SoCal,1970-11-01,85.28817204301075,93,-0.86,11,LaNina
SoCal,1970-12-01,87.29042553191489,94,-1.15,12,LaNina
SoCal,1971-01-01,18.718279569892474,93,-1.36,1,LaNina
SoCal,1971-02-01,17.002150537634407,93,-1.38,2,LaNina
SoCal,1971-03-01,10.79891304347826,92,-1.12,3,LaNina
SoCal,1971-04-01,17.625,92,-0.85,4,LaNina
SoCal,1971-11-01,8.94891304347826,92,-0.96,11,LaNina
SoCal,1971-12-01,117.45978260869565,92,-0.9,12,LaNina
SoCal,1972-01-01,2.894565217391305,92,-0.71,1,LaNina
SoCal,1972-02-01,5.087096774193548,93,-0.35,2,Neutral
SoCal,1972-03-01,0.05326086956521738,92,0.06,3,Neutral
SoCal,1972-04-01,4.972043010752688,93,0.41,4,Neutral
SoCal,1972-11-01,75.00543478260869,92,2.09,11,ElNino
SoCal,1972-12-01,36.53586956521739,92,2.12,12,ElNino
SoCal,1973-01-01,84.0629213483146,89,1.84,1,ElNino
SoCal,1973-02-01,139.37934782608696,92,1.25,2,ElNino
SoCal,1973-03-01,79.36404494382022,89,0.54,3,ElNino
SoCal,1973-04-01,2.104395604395604,91,-0.1,4,Neutral
SoCal,1973-11-01,41.07692307692307,91,-1.95,11,LaNina
SoCal,1973-12-01,21.011827956989247,93,-2.03,12,LaNina
SoCal,1974-01-01,140.26559139784948,93,-1.84,1,LaNina
SoCal,1974-02-01,2.585106382978723,94,-1.55,2,LaNina
SoCal,1974-03-01,72.09893617021277,94,-1.23,3,LaNina
SoCal,1974-04-01,12.695604395604395,91,-1.03,4,LaNina
SoCal,1974-11-01,5.204301075268817,93,-0.75,11,LaNina
SoCal,1974-12-01,76.05494505494505,91,-0.64,12,LaNina
SoCal,1975-01-01,5.093548387096774,93,-0.54,1,LaNina
SoCal,1975-02-01,57.59782608695652,92,-0.57,2,LaNina
SoCal,1975-03-01,89.2505376344086,93,-0.65,3,LaNina
SoCal,1975-04-01,43.189130434782605,92,-0.73,4,LaNina
SoCal,1975-11-01,11.957608695652171,92,-1.55,11,LaNina
SoCal,1975-12-01,6.844565217391304,92,-1.65,12,LaNina
SoCal,1976-01-01,0.27717391304347816,92,-1.56,1,LaNina
SoCal,1976-02-01,105.12826086956522,92,-1.17,2,LaNina
SoCal,1976-03-01,33.995652173913044,92,-0.73,3,LaNina
SoCal,1976-04-01,26.9967032967033,91,-0.47,4,Neutral
SoCal,1976-11-01,15.225555555555555,90,0.86,11,ElNino
SoCal,1976-12-01,18.453846153846154,91,0.85,12,ElNino
SoCal,1977-01-01,66.84065934065934,91,0.71,1,ElNino
SoCal,1977-02-01,7.029032258064516,93,0.64,2,ElNino
SoCal,1977-03-01,33.086021505376344,93,0.34,3,Neutral
SoCal,1977-04-01,1.1752688172043007,93,0.23,4,Neutral
SoCal,1977-11-01,3.5065217391304353,92,0.81,11,ElNino
SoCal,1977-12-01,96.31379310344828,87,0.79,12,ElNino
SoCal,1978-01-01,161.63888888888889,90,0.69,1,ElNino
SoCal,1978-02-01,168.45274725274726,91,0.42,2,Neutral
SoCal,1978-03-01,185.05454545454546,88,0.06,3,Neutral
SoCal,1978-04-01,45.27222222222222,90,-0.18,4,Neutral
SoCal,1978-11-01,51.19892473118279,93,-0.08,11,Neutral
SoCal,1978-12-01,49.331111111111106,90,0,12,Neutral
SoCal,1979-01-01,126.44301075268817,93,0.03,1,Neutral
SoCal,1979-02-01,69.33936170212766,94,0.07,2,Neutral
SoCal,1979-03-01,102.74086021505376,93,0.2,3,Neutral
SoCal,1979-04-01,0.931111111111111,90,0.28,4,Neutral
SoCal,1979-11-01,9.946315789473685,95,0.52,11,ElNino
SoCal,1979-12-01,19.711111111111112,90,0.64,12,ElNino
SoCal,1980-01-01,167.81348314606743,89,0.59,1,ElNino
SoCal,1980-02-01,214.5820224719101,89,0.46,2,Neutral
SoCal,1980-03-01,78.3127659574468,94,0.34,3,Neutral
SoCal,1980-04-01,20.602127659574467,94,0.38,4,Neutral
SoCal,1980-11-01,0.06562499999999998,96,0.11,11,Neutral
SoCal,1980-12-01,16.712371134020618,97,-0.01,12,Neutral
SoCal,1981-01-01,55.63645833333333,96,-0.26,1,Neutral
SoCal,1981-02-01,38.08020833333333,96,-0.5,2,LaNina
SoCal,1981-03-01,94.453125,96,-0.47,3,Neutral
SoCal,1981-04-01,13.332258064516127,93,-0.37,4,Neutral
SoCal,1981-11-01,38.834782608695654,92,-0.15,11,Neutral
SoCal,1981-12-01,14.947826086956523,92,-0.08,12,Neutral
SoCal,1982-01-01,74.14270833333333,96,-0.05,1,Neutral
SoCal,1982-02-01,25.553846153846155,91,0.07,2,Neutral
SoCal,1982-03-01,114.05869565217391,92,0.19,3,Neutral
SoCal,1982-04-01,42.696666666666665,90,0.47,4,Neutral
SoCal,1982-11-01,87.3821052631579,95,2.18,11,ElNino
SoCal,1982-12-01,57.93870967741936,93,2.23,12,ElNino
SoCal,1983-01-01,108.97634408602151,93,2.18,1,ElNino
SoCal,1983-02-01,110.27849462365592,93,1.92,2,ElNino
SoCal,1983-03-01,190.10108695652175,92,1.54,3,ElNino
SoCal,1983-04-01,69.11595744680851,94,1.29,4,ElNino
SoCal,1983-11-01,60.881914893617015,94,-1,11,LaNina
SoCal,1983-12-01,68.39032258064516,93,-0.91,12,LaNina
SoCal,1984-01-01,3.796875,96,-0.6,1,LaNina
SoCal,1984-02-01,3.231914893617021,94,-0.42,2,Neutral
SoCal,1984-03-01,6.366315789473684,95,-0.34,3,Neutral
SoCal,1984-04-01,11.147872340425533,94,-0.43,4,Neutral
SoCal,1984-11-01,47.63913043478261,92,-0.92,11,LaNina
SoCal,1984-12-01,117.19574468085106,94,-1.14,12,LaNina
SoCal,1985-01-01,19.943478260869565,92,-1.04,1,LaNina
SoCal,1985-02-01,29.61063829787234,94,-0.85,2,LaNina
SoCal,1985-03-01,28.993684210526315,95,-0.77,3,LaNina
SoCal,1985-04-01,3.147872340425531,94,-0.78,4,LaNina
SoCal,1985-11-01,94.79684210526315,95,-0.27,11,Neutral
SoCal,1985-12-01,19.611458333333335,96,-0.36,12,Neutral
SoCal,1986-01-01,41.37684210526316,95,-0.49,1,Neutral
SoCal,1986-02-01,103.43626373626374,91,-0.47,2,Neutral
SoCal,1986-03-01,94.8340206185567,97,-0.31,3,Neutral
SoCal,1986-04-01,13.485263157894737,95,-0.2,4,Neutral
SoCal,1986-11-01,21.137777777777778,90,1.14,11,ElNino
SoCal,1986-12-01,20.567777777777778,90,1.22,12,ElNino
SoCal,1987-01-01,41.29139784946236,93,1.23,1,ElNino
SoCal,1987-02-01,36.06559139784946,93,1.19,2,ElNino
SoCal,1987-03-01,43.8,92,1.06,3,ElNino
SoCal,1987-04-01,5.465217391304348,92,0.95,4,ElNino
SoCal,1987-11-01,44.1445652173913,92,1.25,11,ElNino
SoCal,1987-12-01,62.368478260869566,92,1.11,12,ElNino
SoCal,1988-01-01,52.45106382978723,94,0.81,1,ElNino
SoCal,1988-02-01,38.49784946236559,93,0.54,2,ElNino
SoCal,1988-03-01,11.866315789473685,95,0.14,3,Neutral
SoCal,1988-04-01,63.285106382978725,94,-0.31,4,Neutral
SoCal,1988-11-01,24.713541666666664,96,-1.8,11,LaNina
SoCal,1988-12-01,66.9561797752809,89,-1.85,12,LaNina
SoCal,1989-01-01,21.022680412371134,97,-1.69,1,LaNina
SoCal,1989-02-01,42.30744680851064,94,-1.43,2,LaNina
SoCal,1989-03-01,24.02916666666667,96,-1.08,3,LaNina
SoCal,1989-04-01,3.2113402061855667,97,-0.83,4,LaNina
SoCal,1989-11-01,6.2231578947368416,95,-0.16,11,Neutral
SoCal,1989-12-01,1.9873684210526315,95,-0.05,12,Neutral
SoCal,1990-01-01,59.22795698924731,93,0.14,1,Neutral
SoCal,1990-02-01,50.778021978021975,91,0.21,2,Neutral
SoCal,1990-03-01,9.98586956521739,92,0.28,3,Neutral
SoCal,1990-04-01,13.767021276595743,94,0.29,4,Neutral
SoCal,1990-11-01,10.82736842105263,95,0.4,11,Neutral
SoCal,1990-12-01,7.748936170212765,94,0.41,12,Neutral
SoCal,1991-01-01,31.196875,96,0.41,1,Neutral
SoCal,1991-02-01,62.369473684210526,95,0.26,2,Neutral
SoCal,1991-03-01,207.4020618556701,97,0.22,3,Neutral
SoCal,1991-04-01,1.879381443298969,97,0.26,4,Neutral
SoCal,1991-11-01,3.455670103092783,97,1.21,11,ElNino
SoCal,1991-12-01,67.30645161290323,93,1.53,12,ElNino
SoCal,1992-01-01,49.23548387096774,93,1.71,1,ElNino
SoCal,1992-02-01,167.01304347826087,92,1.63,2,ElNino
SoCal,1992-03-01,111.97912087912088,91,1.48,3,ElNino
SoCal,1992-04-01,6.508510638297872,94,1.29,4,ElNino
SoCal,1992-11-01,0.42921348314606717,89,-0.28,11,Neutral
SoCal,1992-12-01,104.3183908045977,87,-0.13,12,Neutral
SoCal,1993-01-01,279.1956989247312,93,0.09,1,Neutral
SoCal,1993-02-01,163.42134831460675,89,0.3,2,Neutral
SoCal,1993-03-01,53.617777777777775,90,0.5,3,ElNino
SoCal,1993-04-01,0.94,95,0.67,4,ElNino
SoCal,1993-11-01,26.120652173913044,92,0.04,11,Neutral
SoCal,1993-12-01,24.520212765957446,94,0.06,12,Neutral
SoCal,1994-01-01,22.20108695652174,92,0.06,1,Neutral
SoCal,1994-02-01,92.59021739130435,92,0.07,2,Neutral
SoCal,1994-03-01,51.52696629213484,89,0.17,3,Neutral
SoCal,1994-04-01,20.111702127659573,94,0.31,4,Neutral
SoCal,1994-11-01,24.621978021978023,91,1.01,11,ElNino
SoCal,1994-12-01,27.716304347826085,92,1.09,12,ElNino
SoCal,1995-01-01,274.4786516853933,89,0.96,1,ElNino
SoCal,1995-02-01,44.48131868131868,91,0.72,2,ElNino
SoCal,1995-03-01,174.75054945054944,91,0.53,3,ElNino
SoCal,1995-04-01,20.375,92,0.3,4,Neutral
SoCal,1995-11-01,2.503191489361702,94,-1,11,LaNina
SoCal,1995-12-01,30.576923076923077,91,-0.98,12,LaNina
SoCal,1996-01-01,42.86413043478261,92,-0.9,1,LaNina
SoCal,1996-02-01,115.05869565217392,92,-0.75,2,LaNina
SoCal,1996-03-01,43.12150537634409,93,-0.59,3,LaNina
SoCal,1996-04-01,13.022826086956522,92,-0.39,4,Neutral
SoCal,1996-11-01,47.48988764044944,89,-0.45,11,Neutral
SoCal,1996-12-01,85.59,90,-0.49,12,Neutral
SoCal,1997-01-01,114.51,90,-0.5,1,LaNina
SoCal,1997-02-01,9.381521739130434,92,-0.36,2,Neutral
SoCal,1997-03-01,0.6543478260869566,92,-0.1,3,Neutral
SoCal,1997-04-01,2.212087912087912,91,0.28,4,Neutral
SoCal,1997-11-01,53.07078651685393,89,2.4,11,ElNino
SoCal,1997-12-01,79.01477272727273,88,2.39,12,ElNino
SoCal,1998-01-01,70.39101123595505,89,2.24,1,ElNino
SoCal,1998-02-01,297.9112359550562,89,1.93,2,ElNino
SoCal,1998-03-01,76.82527472527472,91,1.44,3,ElNino
SoCal,1998-04-01,40.13222222222222,90,0.99,4,ElNino
SoCal,1998-11-01,27.36774193548387,93,-1.48,11,LaNina
SoCal,1998-12-01,15.320430107526882,93,-1.57,12,LaNina
SoCal,1999-01-01,43.980898876404495,89,-1.55,1,LaNina
SoCal,1999-02-01,21.215384615384615,91,-1.3,2,LaNina
SoCal,1999-03-01,35.833333333333336,93,-1.07,3,LaNina
SoCal,1999-04-01,48.59032258064516,93,-0.98,4,LaNina
SoCal,1999-11-01,9.456521739130435,92,-1.46,11,LaNina
SoCal,1999-12-01,2.661702127659575,94,-1.65,12,LaNina
SoCal,2000-01-01,28.136666666666667,90,-1.66,1,LaNina
SoCal,2000-02-01,131.89239130434783,92,-1.41,2,LaNina
SoCal,2000-03-01,43.12307692307692,91,-1.07,3,LaNina
SoCal,2000-04-01,41.2043956043956,91,-0.81,4,LaNina
SoCal,2000-11-01,2.3402298850574716,87,-0.75,11,LaNina
SoCal,2000-12-01,0.8597701149425288,87,-0.74,12,LaNina
SoCal,2001-01-01,85.65824175824176,91,-0.68,1,LaNina
SoCal,2001-02-01,116.79101123595505,89,-0.52,2,LaNina
SoCal,2001-03-01,43.97093023255814,86,-0.44,3,Neutral
SoCal,2001-04-01,28.670212765957448,94,-0.34,4,Neutral
SoCal,2001-11-01,40.744086021505375,93,-0.35,11,Neutral
SoCal,2001-12-01,32.08478260869565,92,-0.31,12,Neutral
SoCal,2002-01-01,14.48279569892473,93,-0.15,1,Neutral
SoCal,2002-02-01,5.517204301075269,93,0.03,2,Neutral
SoCal,2002-03-01,17.10326086956522,92,0.09,3,Neutral
SoCal,2002-04-01,7.258510638297873,94,0.2,4,Neutral
SoCal,2002-11-01,53.05714285714286,91,1.31,11,ElNino
SoCal,2002-12-01,65.73978494623655,93,1.14,12,ElNino
SoCal,2003-01-01,2.669565217391304,92,0.92,1,ElNino
SoCal,2003-02-01,96.65384615384615,91,0.63,2,ElNino
SoCal,2003-03-01,54.70326086956521,92,0.38,3,Neutral
SoCal,2003-04-01,33.4010989010989,91,-0.04,4,Neutral
SoCal,2003-11-01,24.043478260869566,92,0.35,11,Neutral
SoCal,2003-12-01,33.70795454545455,88,0.35,12,Neutral
SoCal,2004-01-01,11.55050505050505,99,0.37,1,Neutral
SoCal,2004-02-01,104.57446808510639,94,0.31,2,Neutral
SoCal,2004-03-01,13.51010101010101,99,0.23,3,Neutral
SoCal,2004-04-01,8.791752577319588,97,0.17,4,Neutral
SoCal,2004-11-01,20.67191011235955,89,0.66,11,ElNino
SoCal,2004-12-01,116.4642105263158,95,0.69,12,ElNino
SoCal,2005-01-01,175.66236559139784,93,0.64,1,ElNino
SoCal,2005-02-01,169.1906976744186,86,0.58,2,ElNino
SoCal,2005-03-01,42.85157894736842,95,0.45,3,Neutral
SoCal,2005-04-01,19.458426966292134,89,0.43,4,Neutral
SoCal,2005-11-01,6.894318181818182,88,-0.57,11,LaNina
SoCal,2005-12-01,16.606451612903225,93,-0.84,12,LaNina
SoCal,2006-01-01,52.18387096774194,93,-0.85,1,LaNina
SoCal,2006-02-01,43.00609756097561,82,-0.77,2,LaNina
SoCal,2006-03-01,71.37230769230769,65,-0.57,3,LaNina
SoCal,2006-04-01,58.99886363636364,88,-0.37,4,Neutral
SoCal,2006-11-01,3.171264367816092,87,0.94,11,ElNino
SoCal,2006-12-01,19.354347826086958,92,0.94,12,ElNino
SoCal,2007-01-01,16.115384615384617,91,0.66,1,ElNino
SoCal,2007-02-01,37.594565217391306,92,0.22,2,Neutral
SoCal,2007-03-01,6.9288659793814436,97,-0.12,3,Neutral
SoCal,2007-04-01,12.84421052631579,95,-0.32,4,Neutral
SoCal,2007-11-01,13.770408163265307,98,-1.5,11,LaNina
SoCal,2007-12-01,40.36129032258064,93,-1.6,12,LaNina
SoCal,2008-01-01,156.69677419354838,93,-1.64,1,LaNina
SoCal,2008-02-01,40.95978260869565,92,-1.52,2,LaNina
SoCal,2008-03-01,2.35625,96,-1.29,3,LaNina
SoCal,2008-04-01,1.7568421052631578,95,-1.01,4,LaNina
SoCal,2008-11-01,38.348958333333336,96,-0.55,11,LaNina
SoCal,2008-12-01,61.915957446808505,94,-0.73,12,LaNina
SoCal,2009-01-01,9.26082474226804,97,-0.85,1,LaNina
SoCal,2009-02-01,89.16326530612245,98,-0.79,2,LaNina
SoCal,2009-03-01,9.986734693877551,98,-0.61,3,LaNina
SoCal,2009-04-01,3.5653465346534654,101,-0.33,4,Neutral
SoCal,2009-11-01,5.237113402061857,97,1.36,11,ElNino
SoCal,2009-12-01,71.06129032258065,93,1.56,12,ElNino
SoCal,2010-01-01,133.50103092783505,97,1.5,1,ElNino
SoCal,2010-02-01,85.24736842105263,95,1.22,2,ElNino
SoCal,2010-03-01,16.24736842105263,95,0.84,3,ElNino
SoCal,2010-04-01,39.82244897959183,98,0.35,4,Neutral
SoCal,2010-11-01,25.433999999999997,100,-1.64,11,LaNina
SoCal,2010-12-01,184.679797979798,99,-1.54,12,LaNina
SoCal,2011-01-01,19.585365853658537,82,-1.31,1,LaNina
SoCal,2011-02-01,64.71772151898735,79,-1.04,2,LaNina
SoCal,2011-03-01,72.50617283950618,81,-0.8,3,LaNina
SoCal,2011-04-01,5.218072289156627,83,-0.62,4,LaNina
SoCal,2011-11-01,41.64943820224719,89,-1.02,11,LaNina
SoCal,2011-12-01,15.064367816091954,87,-0.92,12,LaNina
SoCal,2012-01-01,21.201123595505617,89,-0.72,1,LaNina
SoCal,2012-02-01,16.70617283950617,81,-0.57,2,LaNina
SoCal,2012-03-01,42.090109890109886,91,-0.46,3,Neutral
SoCal,2012-04-01,41.89550561797753,89,-0.36,4,Neutral
SoCal,2012-11-01,16.237234042553194,94,0.13,11,Neutral
SoCal,2012-12-01,58.044230769230765,104,-0.1,12,Neutral
SoCal,2013-01-01,30.048076923076923,104,-0.29,1,Neutral
SoCal,2013-02-01,14.467961165048543,103,-0.29,2,Neutral
SoCal,2013-03-01,19.44466019417476,103,-0.21,3,Neutral
SoCal,2013-04-01,1.1696078431372552,102,-0.19,4,Neutral
SoCal,2013-11-01,17.899019607843137,102,-0.1,11,Neutral
SoCal,2013-12-01,8.650485436893204,103,-0.15,12,Neutral
SoCal,2014-01-01,2.1058823529411757,102,-0.28,1,Neutral
SoCal,2014-02-01,46.09607843137255,102,-0.32,2,Neutral
SoCal,2014-03-01,33.252427184466015,103,-0.14,3,Neutral
SoCal,2014-04-01,13.888461538461538,104,0.15,4,Neutral
SoCal,2014-11-01,13.414285714285715,98,0.71,11,ElNino
SoCal,2014-12-01,89.89191919191919,99,0.77,12,ElNino
SoCal,2015-01-01,20.37378640776699,103,0.69,1,ElNino
SoCal,2015-02-01,20.065686274509805,102,0.61,2,ElNino
SoCal,2015-03-01,15.483495145631068,103,0.65,3,ElNino
SoCal,2015-04-01,7.23495145631068,103,0.81,4,ElNino
SoCal,2015-11-01,14.119417475728154,103,2.64,11,ElNino
SoCal,2015-12-01,27.373267326732673,101,2.75,12,ElNino
SoCal,2016-01-01,82.96285714285715,105,2.63,1,ElNino
SoCal,2016-02-01,15.66019417475728,103,2.28,2,ElNino
SoCal,2016-03-01,40.05,102,1.71,3,ElNino
SoCal,2016-04-01,15.495145631067961,103,1.05,4,ElNino
SoCal,2016-11-01,25.11078431372549,102,-0.6,11,LaNina
SoCal,2016-12-01,83.8030303030303,99,-0.45,12,Neutral
SoCal,2017-01-01,161.356,100,-0.19,1,Neutral
SoCal,2017-02-01,113.009375,96,-0.02,2,Neutral
SoCal,2017-03-01,9.88469387755102,98,0.18,3,Neutral
SoCal,2017-04-01,5.576000000000001,100,0.31,4,Neutral
SoCal,2017-11-01,2.063,100,-0.77,11,LaNina
SoCal,2017-12-01,0.4479166666666668,96,-0.86,12,LaNina
SoCal,2018-01-01,48.73465346534653,101,-0.77,1,LaNina
SoCal,2018-02-01,8.643877551020408,98,-0.71,2,LaNina
SoCal,2018-03-01,79.01935483870967,93,-0.57,3,LaNina
SoCal,2018-04-01,1.8979591836734693,98,-0.39,4,Neutral
SoCal,2018-11-01,36.118556701030926,97,0.97,11,ElNino
SoCal,2018-12-01,43.70543478260869,92,0.92,12,ElNino
SoCal,2019-01-01,100.74285714285715,98,0.89,1,ElNino
SoCal,2019-02-01,145.8010989010989,91,0.86,2,ElNino
SoCal,2019-03-01,52.72210526315789,95,0.84,3,ElNino
SoCal,2019-04-01,4.171578947368421,95,0.77,4,ElNino
SoCal,2019-11-01,55.156565656565654,99,0.58,11,ElNino
SoCal,2019-12-01,89.58829787234042,94,0.66,12,ElNino
SoCal,2020-01-01,7.059375,96,0.64,1,ElNino
SoCal,2020-02-01,7.570103092783505,97,0.63,2,ElNino
SoCal,2020-03-01,96.44845360824742,97,0.53,3,ElNino
SoCal,2020-04-01,74.94479166666666,96,0.3,4,Neutral
SoCal,2020-11-01,10.785263157894738,95,-1.2,11,LaNina
SoCal,2020-12-01,25.309473684210527,95,-1.08,12,LaNina
SoCal,2021-01-01,58.48645833333334,96,-0.91,1,LaNina
SoCal,2021-02-01,2.0351063829787237,94,-0.79,2,LaNina
SoCal,2021-03-01,32.19684210526316,95,-0.71,3,LaNina
SoCal,2021-04-01,1.8063157894736837,95,-0.55,4,LaNina
SoCal,2021-11-01,0.6445652173913043,92,-0.91,11,LaNina
SoCal,2021-12-01,136.9778947368421,95,-0.87,12,LaNina
SoCal,2022-01-01,3.430526315789473,95,-0.82,1,LaNina
SoCal,2022-02-01,9.16105263157895,95,-0.79,2,LaNina
SoCal,2022-03-01,30.90833333333333,96,-0.86,3,LaNina
SoCal,2022-04-01,6.676041666666666,96,-0.95,4,LaNina
SoCal,2022-11-01,39.608695652173914,92,-0.85,11,LaNina
SoCal,2022-12-01,66.90752688172043,93,-0.71,12,LaNina
SoCal,2023-01-01,194.80531914893618,94,-0.54,1,LaNina
SoCal,2023-02-01,84.54333333333334,90,-0.29,2,Neutral
SoCal,2023-03-01,154.16276595744682,94,-0.02,3,Neutral
SoCal,2023-04-01,1.814583333333333,96,0.27,4,Neutral
SoCal,2023-11-01,15.628865979381443,97,1.99,11,ElNino
SoCal,2023-12-01,50.15257731958763,97,2.06,12,ElNino
SoCal,2024-01-01,54.17916666666667,96,1.92,1,ElNino
SoCal,2024-02-01,170.74791666666667,96,1.62,2,ElNino
SoCal,2024-03-01,78.9673469387755,98,1.26,3,ElNino
SoCal,2024-04-01,24.020833333333332,96,0.82,4,ElNino
SoCal,2024-11-01,10.142857142857142,98,-0.3,11,Neutral
SoCal,2024-12-01,2.8051020408163265,98,-0.42,12,Neutral
SoCal,2025-01-01,13.590816326530613,98,-0.45,1,Neutral
SoCal,2025-02-01,67.15520833333333,96,-0.24,2,Neutral
SoCal,2025-03-01,57.676530612244896,98,-0.06,3,Neutral
SoCal,2025-04-01,7.859374999999999,96,0.02,4,Neutral
SoCal,2025-11-01,100.37575757575758,99,-0.55,11,LaNina
SoCal,2025-12-01,87.07524752475247,101,-0.54,12,LaNina
SoCal,2026-01-01,57.28613861386138,101,-0.37,1,Neutral
SoCal,2026-02-01,72.41717171717171,99,-0.14,2,Neutral
SoCal,2026-03-01,0.6245098039215683,102,0.13,3,Neutral
SoCal,2026-04-01,18.204123711340205,97,0.51,4,ElNino
