"file","variable","type","units","range_or_levels","description"
"ca_enso_analysis.csv","water_year","integer","water year","1950 to 2025","California water year (Oct 1 of prior calendar year through Sep 30). The unit of observation; one row per water year."
"ca_enso_analysis.csv","precip_in","numeric","inches","11.47 to 44.77","Outcome. Total statewide water-year precipitation, inches. Built by src/data/make_ca_wateryear_precip.R."
"ca_enso_analysis.csv","oni_djf","numeric","deg C","-1.8 to 2.6","Primary X. Oceanic Nino Index averaged over Dec-Feb of the water year, from NOAA CPC. Positive = El Nino."
"ca_enso_analysis.csv","oni_djf_lag1","numeric","deg C","-1.8 to 2.6","Previous water year oni_djf. Used in Model 3; NA for WY1950 (no prior year in sample)."
"ca_enso_analysis.csv","rsoi","numeric","index (unitless)","-3.88 to 4.76","Alternative X. Nov-Mar Southern Oscillation Index multiplied by -1 so positive = El Nino. NA for WY1950-1951 (CPC SOI starts 1951)."
"ca_enso_analysis.csv","enso_phase","character","category","La Nina; Neutral; El Nino","ENSO phase from oni_djf using NOAA cutoffs: El Nino if >= 0.5, La Nina if <= -0.5, else Neutral."
"ca_enso_analysis.csv","phase","character","category","La Nina; Neutral; El Nino (NA for WY1950-1951)","Second, independent phase classification: the same +/-0.5 rule applied to rsoi (atmosphere) rather than oni_djf (ocean)."
"ca_enso_analysis.csv","enso_strength","character","category","neutral; weak; moderate; strong; very_strong","Intensity bin from |oni_djf|: neutral <0.5, weak <1.0, moderate <1.5, strong <2.0, very_strong >=2.0."
"ca_enso_analysis.csv","el_nino","integer","0/1 indicator","0; 1","Indicator equal to 1 when enso_phase is El Nino. Model 2 predictor."
"ca_enso_analysis.csv","la_nina","integer","0/1 indicator","0; 1","Indicator equal to 1 when enso_phase is La Nina. Model 2 predictor."
"ca_enso_analysis.csv","time_trend","integer","years since WY1950","0 to 75","Linear time trend, 0 at WY1950. Model 3 control for secular drift."
"ca_enso_analysis.csv","n_stations","integer","stations","153 to 226","Number of GHCN stations contributing a complete 12-month record that water year (fallback source only)."
"ca_enso_analysis.csv","precip_source","character","-","single value; see description","Provenance flag naming the precipitation source actually used, so a reader can tell the official statewide series from the station composite."
"ca_monthly_rainfall.csv","id","character","-","284 unique values (e.g., USC00040029; USC00040136; USC00040144)","GHCN-Daily station identifier (e.g., USC00040029); joins to ca_station_list.csv."
"ca_monthly_rainfall.csv","ym","character","date (YYYY-MM-01)","1905 unique values (e.g., 1867-06-01; 1867-07-01; 1867-08-01)","Calendar month of observation, stored as the first day of the month."
"ca_monthly_rainfall.csv","prcp","numeric","mm","0.00 to 1373.50","Total monthly precipitation summed from GHCN-Daily station records."
"ca_monthly_rainfall.csv","n_days","integer","days","25 to 31","Number of days in the month with a reported observation; months with fewer than 25 reporting days were dropped upstream."
"ca_rainfall_enso_model_data.csv","region","character","category","NorCal; SoCal","California region the stations were aggregated into: NorCal or SoCal."
"ca_rainfall_enso_model_data.csv","ym","character","date (YYYY-MM-01)","951 unique values (e.g., 1867-11-01; 1867-12-01; 1868-01-01)","Calendar month of observation, stored as the first day of the month."
"ca_rainfall_enso_model_data.csv","prcp","numeric","mm","0.00 to 468.63","Mean monthly precipitation across reporting stations in the region."
"ca_rainfall_enso_model_data.csv","n_stations","integer","count","1 to 168","Number of stations contributing to the regional mean that month; early years rely on very few stations."
"ca_rainfall_enso_model_data.csv","oni","numeric","deg C","-2.03 to 2.75 (833 NA)","NOAA Oceanic Nino Index (3-month running SST anomaly, Nino 3.4 region); NA before the ONI record begins in 1950."
"ca_rainfall_enso_model_data.csv","month","integer","1-12","1 to 12","Calendar month number, extracted from ym for seasonal modeling."
"ca_rainfall_enso_model_data.csv","phase","character","category","ElNino; LaNina; Neutral","ENSO phase classification derived from ONI: ElNino, LaNina, or Neutral (Neutral where ONI is unavailable)."
"ca_station_list.csv","id","character","-","284 unique values (e.g., USC00040029; USC00040136; USC00040144)","GHCN-Daily station identifier; primary key, joins to ca_monthly_rainfall.csv."
"ca_station_list.csv","lat","numeric","decimal degrees","32.57 to 41.99","Station latitude (WGS84)."
"ca_station_list.csv","lon","numeric","decimal degrees","-124.24 to -114.17","Station longitude (WGS84); negative values are west of the prime meridian."
"ca_station_list.csv","element","character","-","PRCP","GHCN element code; PRCP for all rows (precipitation stations only)."
"ca_station_list.csv","first_year","integer","year","1867 to 1980","First year of precipitation records at the station."
"ca_station_list.csv","last_year","integer","year","2024 to 2026","Most recent year of precipitation records at the station."
"ca_station_list.csv","state","character","-","CA","US state code; CA for all rows."
"ca_station_list.csv","name","character","-","284 unique values (e.g., ADIN RS; ALPINE; ALTADENA)","Station name as listed in GHCN-Daily metadata."
"ca_station_list.csv","elev","numeric","meters","-59.10 to 2878.80","Station elevation above sea level; negative values are below sea level."
"california_annual_precipitation_1950_2025.csv","year","integer","water year","1950 to 2025","Water year label (Oct 1 of prior year through Sep 30), WY 1950-2025."
"california_annual_precipitation_1950_2025.csv","annual_precip_inches","numeric","inches","7.93 to 42.46","Total California statewide water-year precipitation from NOAA Climate at a Glance (12-month totals ending September). The report's outcome variable (precip_in)."
"oni_djf_wateryear.csv","water_year","integer","water year","1950 to 2025","Water year label, WY 1950-2025; merge key to the annual precipitation file."
"oni_djf_wateryear.csv","oni_djf","numeric","deg C","-1.80 to 2.60","Oceanic Nino Index: Dec-Feb average SST anomaly in the Nino 3.4 region (NOAA CPC via rsoi::download_oni()). Primary ENSO intensity measure (Models 1, 3, 4)."
"oni_djf_wateryear.csv","enso_phase","character","category","el_nino; la_nina; neutral","NOAA ENSO phase for the water year based on winter ONI: el_nino (ONI >= 0.5), la_nina (ONI <= -0.5), or neutral."
"oni_djf_wateryear.csv","enso_strength","character","category","moderate; neutral; strong; very_strong; weak","ONI-based intensity category: neutral, weak, moderate, strong, or very_strong; used for visualization, not as a model predictor."
"oni_djf_wateryear.csv","el_nino","integer","0/1 indicator","0 to 1","Dummy equal to 1 in El Nino water years (Model 2 predictor)."
"oni_djf_wateryear.csv","la_nina","integer","0/1 indicator","0 to 1","Dummy equal to 1 in La Nina water years (Model 2 predictor)."
"oni_djf_wateryear.csv","oni_djf_lag1","numeric","deg C","-1.80 to 2.60 (1 NA)","Previous winter's ONI (one-year lag); NA for WY1950, the first sample year (Model 3 predictor)."
"oni_djf_wateryear.csv","time_trend","integer","index (0-75)","0 to 75","Linear time index, 0 for WY1950 through 75 for WY2025 (Model 3 trend control)."
