id,lat,lon,element,first_year,last_year,state,name,elev
USC00040029,41.1933,-120.9444,PRCP,1894,2026,CA,ADIN RS,1280.8
USC00040136,32.8358,-116.7775,PRCP,1952,2026,CA,ALPINE,516.6
USC00040144,34.1822,-118.1383,PRCP,1922,2026,CA,ALTADENA,343.5
USC00040176,34.5594,-115.7442,PRCP,1948,2026,CA,AMBOY,200.6
USC00040212,38.5731,-122.4406,PRCP,1940,2026,CA,ANGWIN PACIFIC UNION COLLEGE,522.7
USC00040343,36.4914,-118.8253,PRCP,1927,2026,CA,ASH MTN,520.6
USC00040383,38.9072,-121.0839,PRCP,1905,2026,CA,AUBURN,393.8
USC00040521,34.8928,-117.0219,PRCP,1980,2026,CA,BARSTOW,676.7
USC00040673,37.0869,-122.0822,PRCP,1972,2026,CA,BEN LOMOND #4,132.6
USC00040741,34.2431,-116.9169,PRCP,1960,2026,CA,BIG BEAR LAKE,2058.3
USC00040790,36.2472,-121.7803,PRCP,1915,2026,CA,BIG SUR STN,61
USC00040798,34.2947,-118.1886,PRCP,1932,2026,CA,BIG TUJUNGA DAM FC46,709
USC00040820,37.2322,-118.5994,PRCP,1910,2026,CA,ASPENDELL,2581.7
USC00040924,33.6139,-114.5981,PRCP,1913,2026,CA,BLYTHE,81.7
USC00040931,39.3886,-120.0936,PRCP,1906,2026,CA,BOCA,1699.3
USC00040943,38.2119,-119.0142,PRCP,1895,2026,CA,BODIE CALIFORNIA ST HISTORIC P,2551.2
USC00040983,33.2558,-116.4036,PRCP,1942,2026,CA,BORREGO DESERT PARK,246.9
USC00041018,39.4539,-120.6556,PRCP,1896,2026,CA,BOWMAN DAM,1641.3
USC00041072,38.2575,-119.2286,PRCP,1903,2025,CA,BRIDGEPORT,1972.1
USC00041159,39.9372,-121.3147,PRCP,1959,2026,CA,BUCKS CREEK,576.4
USC00041194,34.1867,-118.3481,PRCP,1939,2026,CA,BURBANK VALLEY PUMP PLT,199.6
USC00041244,35.4028,-119.47,PRCP,1940,2026,CA,BUTTONWILLOW,68.6
USC00041253,34.5822,-119.9817,PRCP,1952,2026,CA,CACHUMA LAKE,240.5
USC00041277,38.2769,-120.3114,PRCP,1929,2026,CA,CALAVERAS BIG TREES,1431
USC00041312,38.5769,-122.5781,PRCP,1906,2026,CA,CALISTOGA,106.7
USC00041424,32.6264,-116.47,PRCP,1948,2026,CA,CAMPO,801.6
USC00041428,38.2486,-120.8433,PRCP,1926,2026,CA,CAMP PARDEE,200.6
USC00041614,41.53,-120.1792,PRCP,1894,2026,CA,CEDARVILLE,1428.9
USC00041697,37.9747,-119.9161,PRCP,1955,2026,CA,CHERRY VALLEY DAM,1452.4
USC00041700,40.3022,-121.2439,PRCP,1910,2025,CA,CHESTER,1387.1
USC00041715,39.6911,-121.8211,PRCP,1906,2026,CA,CHICO UNIV FARM,56.4
USC00041758,32.64,-117.0858,PRCP,1918,2026,CA,CHULA VISTA,17.1
USC00041806,38.9239,-122.5672,PRCP,1954,2026,CA,CLEARLAKE 4 SE,411.2
USC00041838,38.7931,-123.0264,PRCP,1950,2026,CA,CLOVERDALE,121.9
USC00041864,36.1356,-120.3606,PRCP,1942,2026,CA,COALINGA,204.2
USC00041907,40.4,-122.1433,PRCP,1943,2026,CA,COLEMAN FISHERIES STN,128
USC00041912,39.09,-120.9469,PRCP,1905,2026,CA,COLFAX,723.3
USC00041916,39.3308,-121.1922,PRCP,1906,2025,CA,COLGATE POWERHOUSE,181.4
USC00041948,39.1875,-122.0269,PRCP,1948,2026,CA,COLUSA 2 SSW,15.2
USC00042012,36.0975,-119.5817,PRCP,1948,2026,CA,CORCORAN IRRIG DIST,61
USC00042090,34.0917,-117.88,PRCP,1929,2026,CA,COVINA CITY YARD FC387B,185
USC00042214,34.005,-118.4139,PRCP,1935,2026,CA,CULVER CITY,28
USC00042239,32.9897,-116.5872,PRCP,1899,2026,CA,CUYAMACA,1414.3
USC00042294,38.535,-121.7761,PRCP,1893,2026,CA,DAVIS 2 WSW EXP FARM,18.3
USC00042319,36.4625,-116.8672,PRCP,1961,2026,CA,DEATH VALLEY NP,-59.1
USC00042327,33.6514,-116.3764,PRCP,1963,2026,CA,DEEP CANYON LAB,365.8
USC00042346,35.7683,-119.26,PRCP,1906,2026,CA,DELANO,92
USC00042402,39.8717,-121.6108,PRCP,1906,2025,CA,DE SABLA,826
USC00042500,39.5633,-120.8239,PRCP,1908,2026,CA,DOWNIEVILLE,888.5
USC00042574,41.1831,-122.2817,PRCP,1978,2026,CA,DUNSMUIR TRTMT PL,661.1
USC00042598,33.8081,-115.4514,PRCP,1933,2026,CA,EAGLE MTN,296.6
USC00042706,32.8006,-116.9281,PRCP,1979,2026,CA,EL CAJON,150.9
USC00042709,32.8856,-116.815,PRCP,1948,2026,CA,EL CAPITAN DAM,182.9
USC00042713,32.7667,-115.5664,PRCP,1932,2026,CA,EL CENTRO 2 SSW,-9.1
USC00042805,33.6861,-117.3458,PRCP,1897,2026,CA,ELSINORE,386.5
USC00042863,33.1211,-117.09,PRCP,1979,2026,CA,ESCONDIDO #2,182.9
USC00042920,37.3531,-120.1622,PRCP,1950,2026,CA,EXCHEQUER DAM,128
USC00042934,38.2736,-122.0678,PRCP,1950,2026,CA,FAIRFIELD,12.2
USC00042941,34.705,-118.4297,PRCP,1909,2026,CA,FAIRMONT,932.7
USC00042964,41.0081,-121.435,PRCP,1923,2025,CA,FALL RVR MILLS,1005.8
USC00043038,38.525,-120.6981,PRCP,1938,2026,CA,FIDDLETOWN DEXTER RCH,661.4
USC00043083,36.3642,-120.1561,PRCP,1942,2026,CA,FIVE POINTS 5 SSW,86.9
USC00043134,39.01,-120.8456,PRCP,1937,2025,CA,FORESTHILL RS,919
USC00043157,41.8714,-120.1575,PRCP,1867,2026,CA,FT BIDWELL,1444.4
USC00043161,39.51,-123.7564,PRCP,1895,2026,CA,FT BRAGG 5 N,37.5
USC00043182,41.6011,-122.8478,PRCP,1936,2026,CA,FT JONES RS,831.8
USC00043191,38.515,-123.2447,PRCP,1895,2026,CA,FT ROSS,34.1
USC00043261,36.9958,-119.7069,PRCP,1912,2026,CA,FRIANT GOVERNMENT CAMP,131.1
USC00043357,41.8458,-123.9669,PRCP,1948,2026,CA,GASQUET RS,118
USC00043402,34.5225,-119.6822,PRCP,1958,2026,CA,GIBRALTAR DAM #2,474.9
USC00043463,35.7269,-118.7006,PRCP,1951,2026,CA,GLENNVILLE,957.1
USC00043491,39.1503,-120.9003,PRCP,1905,2026,CA,GOLD RUN 4 SW,981.5
USC00043551,36.7375,-118.9619,PRCP,1940,2026,CA,GRANT GROVE,2005.6
USC00043573,39.2042,-121.0681,PRCP,1966,2026,CA,GRASS VALLEY #2,731.5
USC00043578,38.4306,-122.8647,PRCP,1926,2026,CA,GRATON,61
USC00043669,37.8444,-120.2258,PRCP,1948,2025,CA,GROVELAND 2,853.4
USC00043714,37.4725,-122.4433,PRCP,1939,2026,CA,HALF MOON BAY,8.2
USC00043747,36.3158,-119.6369,PRCP,1899,2026,CA,HANFORD 1 S,72.2
USC00043761,41.7961,-123.3747,PRCP,1914,2026,CA,HAPPY CAMP RS,348.1
USC00043800,39.2372,-121.2667,PRCP,1955,2026,CA,HARRY L ENGLEBRIGHT DAM,243.8
USC00043824,40.9317,-121.5433,PRCP,1921,2025,CA,HAT CREEK,919
USC00043855,33.7044,-115.6289,PRCP,1933,2026,CA,HAYFIELD PUMPING PLT,417.6
USC00043875,38.6294,-122.8664,PRCP,1893,2026,CA,HEALDSBURG,53.9
USC00043896,33.7381,-116.8939,PRCP,1917,2026,CA,HEMET,552
USC00043914,33.2372,-116.7614,PRCP,1942,2026,CA,HENSHAW DAM,823
USC00043939,37.9614,-119.7831,PRCP,1910,2026,CA,HETCH HETCHY,1179.6
USC00044025,36.8483,-121.4214,PRCP,1948,2026,CA,HOLLISTER 2,83.8
USC00044211,33.7572,-116.7067,PRCP,1943,2026,CA,IDYLLWILD FIRE DEPT,1639.8
USC00044223,32.8489,-115.5667,PRCP,1901,2026,CA,IMPERIAL,-19.5
USC00044259,33.7086,-116.2153,PRCP,1894,2026,CA,INDIO FIRE STN,-6.4
USC00044297,34.1472,-115.1219,PRCP,1935,2026,CA,IRON MTN,281
USC00044374,41.2706,-120.2983,PRCP,1948,2026,CA,JESS VALLEY,1621.2
USC00044405,34.1472,-116.2747,PRCP,1959,2026,CA,JOSHUA TREE,781.2
USC00044412,33.0764,-116.5925,PRCP,1893,2026,CA,JULIAN CDF,1284.7
USC00044422,34.4908,-119.5069,PRCP,1941,2026,CA,JUNCAL DAM,688.8
USC00044484,38.8089,-120.8208,PRCP,1972,2026,CA,KELSEY 1 N,609.6
USC00044500,37.9567,-122.5447,PRCP,1902,2026,CA,KENTFIELD,44.2
USC00044534,36.0067,-119.96,PRCP,1955,2026,CA,KETTLEMAN CITY,73.2
USC00044555,36.2069,-121.1378,PRCP,1902,2026,CA,KING CITY,97.5
USC00044710,32.8536,-116.8947,PRCP,1967,2026,CA,LAKESIDE 2 E,210.3
USC00044712,38.4919,-122.0039,PRCP,1975,2026,CA,LAKE SOLANO,57
USC00044838,41.7117,-121.5067,PRCP,1959,2026,CA,LAVA BEDS NAT MON,1455.4
USC00044890,36.3817,-119.0264,PRCP,1899,2026,CA,LEMON COVE,156.4
USC00044957,36.2033,-119.0545,PRCP,1913,2026,CA,LINDSAY,132.6
USC00044997,37.6819,-121.7514,PRCP,1903,2026,CA,LIVERMORE,161.2
USC00045026,36.6044,-118.7325,PRCP,1968,2025,CA,LODGEPOLE,2052.8
USC00045064,34.6539,-120.4514,PRCP,1917,2026,CA,LOMPOC,22.9
USC00045118,37.0564,-120.8667,PRCP,1906,2026,CA,LOS BANOS,36.6
USC00045119,36.875,-120.9386,PRCP,1932,2026,CA,LOS BANOS ARBURUA RCH,256.9
USC00045151,35.6181,-119.6892,PRCP,1948,2026,CA,LOST HILLS,87.8
USC00045311,40.5411,-121.5767,PRCP,1949,2025,CA,MANZANITA LAKE,1752.6
USC00045360,38.4917,-122.1242,PRCP,1970,2026,CA,MARKLEY COVE,146.3
USC00045449,41.2517,-122.1383,PRCP,1909,2026,CA,MCCLOUD,985.4
USC00045502,33.5697,-116.0731,PRCP,1905,2026,CA,MECCA FIRE STN,-55.8
USC00045532,37.2889,-120.5158,PRCP,1899,2026,CA,MERCED,46.9
USC00045598,38.7478,-122.6258,PRCP,1893,2026,CA,MIDDLETOWN,341.7
USC00045679,40.3458,-121.6092,PRCP,1909,2026,CA,MINERAL,1485.9
USC00045795,36.5928,-121.8556,PRCP,1906,2026,CA,MONTEREY,37.2
USC00045866,35.3669,-120.8447,PRCP,1959,2026,CA,MORRO BAY FIRE DEPT,36
USC00045915,37.8792,-121.9303,PRCP,1952,2026,CA,MT DIABLO JUNCTION,661.4
USC00045933,37.3433,-121.6347,PRCP,1948,2026,CA,MT HAMILTON,1286.3
USC00045941,41.7833,-122.0447,PRCP,1907,2024,CA,MT HEBRON RS,1300
USC00045983,41.3217,-122.3172,PRCP,1948,2026,CA,MT SHASTA,1101.2
USC00046006,34.2308,-118.0711,PRCP,1948,2026,CA,MT WILSON CBS,1740.4
USC00046027,37.8978,-122.5689,PRCP,1940,2026,CA,MUIR WOODS,67.1
USC00046074,38.2778,-122.2647,PRCP,1893,2026,CA,NAPA STATE HOSPITAL,10.7
USC00046136,39.2467,-121.0008,PRCP,1893,2026,CA,NEVADA CITY,847.6
USC00046154,34.9456,-119.6828,PRCP,1974,2026,CA,NEW CUYAMA FIRE STN,658.4
USC00046168,37.2811,-121.0178,PRCP,1902,2026,CA,NEWMAN,27.4
USC00046175,33.6031,-117.8836,PRCP,1921,2026,CA,NEWPORT BEACH HARBOR,3
USC00046194,38.9261,-121.5447,PRCP,1962,2026,CA,NICOLAUS #2,13.1
USC00046197,33.2775,-115.5239,PRCP,1914,2026,CA,NILAND,-18.3
USC00046252,37.2328,-119.5097,PRCP,1904,2026,CA,N FK RS,806.2
USC00046328,41.8392,-122.8503,PRCP,1943,2025,CA,OAK KNOLL W C,603.5
USC00046336,37.7983,-122.2642,PRCP,1970,2026,CA,OAKLAND MUSEUM,9.1
USC00046377,33.2097,-117.395,PRCP,1909,2026,CA,OCEANSIDE MARINA,3
USC00046399,34.4478,-119.2275,PRCP,1905,2026,CA,OJAI,227.1
USC00046506,39.7458,-122.19970000000001,PRCP,1903,2026,CA,ORLAND,77.4
USC00046508,41.3019,-123.5386,PRCP,1903,2026,CA,ORLEANS,122.8
USC00046521,39.5178,-121.5531,PRCP,1953,2026,CA,OROVILLE,52.1
USC00046602,34.3294,-118.4006,PRCP,1943,2026,CA,PACOIMA DAM FC33A-E,472.4
USC00046624,34.5883,-118.0939,PRCP,1903,2026,CA,PALMDALE,796.1
USC00046635,33.8275,-116.5097,PRCP,1906,2026,CA,PALM SPRINGS,129.5
USC00046657,33.3781,-116.84,PRCP,1901,2026,CA,PALOMAR MTN OBSY,1691.6
USC00046663,33.7997,-118.3911,PRCP,1949,2026,CA,PALOS VERDES ES FC43D,67.1
USC00046675,36.6067,-120.8842,PRCP,1949,2026,CA,PANOCHE 2 W,426.7
USC00046699,34.2897,-114.1714,PRCP,1934,2026,CA,PARKER RSVR,224.9
USC00046719,34.1483,-118.1447,PRCP,1893,2026,CA,PASADENA,263.3
USC00046730,35.6278,-120.6856,PRCP,1894,2026,CA,PASO ROBLES,222.5
USC00046826,38.2578,-122.6078,PRCP,1893,2026,CA,PETALUMA AP,6.1
USC00046926,36.4819,-121.1822,PRCP,1937,2026,CA,PINNACLES NP,398.4
USC00046940,34.4061,-118.7569,PRCP,1959,2026,CA,PIRU 2 ESE,217
USC00046946,40.9869,-121.9772,PRCP,1945,2026,CA,PIT RVR PH 5,444.4
USC00047085,39.8053,-120.4719,PRCP,1915,2026,CA,PORTOLA,1478.3
USC00047109,39.3619,-123.1286,PRCP,1937,2026,CA,POTTER VALLEY POWERHOUSE,310.3
USC00047111,33.0194,-117.0308,PRCP,1893,2026,CA,POWAY VALLEY,197.5
USC00047195,39.9367,-120.9475,PRCP,1895,2026,CA,QUINCY,1042.4
USC00047253,35.3692,-117.6525,PRCP,1937,2024,CA,RANDSBURG,1088.1
USC00047306,34.0369,-117.1947,PRCP,1898,2026,CA,REDLANDS,429.8
USC00047339,37.4767,-122.2386,PRCP,1906,2026,CA,REDWOOD CITY,9.4
USC00047414,37.9192,-122.3772,PRCP,1950,2026,CA,RICHMOND,6.1
USC00047470,33.9511,-117.3881,PRCP,1893,2026,CA,RIVERSIDE FIRE STN 3,256
USC00047672,35.3372,-120.5039,PRCP,1948,2026,CA,SALINAS DAM,424.3
USC00047681,34.585,-120.4083,PRCP,1948,2026,CA,SALSIPUEDES GAGING STN,77.4
USC00047702,38.1914,-120.6708,PRCP,1948,2026,CA,SAN ANDREAS 2,335.3
USC00047767,37.7281,-122.5053,PRCP,1948,2026,CA,SAN FRANCISCO OCEANSIDE,2.4
USC00047776,34.1553,-117.9078,PRCP,1917,2026,CA,SAN GABRIEL CANYON PH,226.8
USC00047779,34.2053,-117.8608,PRCP,1948,2026,CA,SAN GABRIEL DAM FC425B-E,451.4
USC00047785,34.0842,-118.1003,PRCP,1939,2026,CA,SAN GABRIEL FIRE DEPT,110.6
USC00047813,33.7964,-116.9753,PRCP,1948,2026,CA,SAN JACINTO,464.8
USC00047821,37.3594,-121.9244,PRCP,1893,2026,CA,SAN JOSE,14.9
USC00047851,35.3056,-120.6619,PRCP,1893,2026,CA,SAN LUIS OBISPO POLY,93.9
USC00047880,37.9983,-122.5372,PRCP,1894,2026,CA,SAN RAFAEL-CIVIC CTR,36.6
USC00047888,33.7442,-117.8667,PRCP,1906,2026,CA,SANTA ANA FIRE STN,41.1
USC00047902,34.4167,-119.6844,PRCP,1893,2026,CA,SANTA BARBARA,4.9
USC00047933,35.3742,-120.6375,PRCP,1942,2026,CA,SANTA MARGARITA BOOST,349.9
USC00047965,38.4558,-122.7133,PRCP,1902,2026,CA,SANTA ROSA,50.6
USC00048014,34.59,-118.4542,PRCP,1918,2026,CA,SAUGUS PWR PLT 1,658.7
USC00048045,40.4833,-124.1039,PRCP,1926,2026,CA,SCOTIA,41.5
USC00048135,40.7142,-122.4161,PRCP,1943,2026,CA,SHASTA DAM,327.7
USC00048218,39.5833,-120.3706,PRCP,1909,2026,CA,SIERRAVILLE RS,1516.4
USC00048351,38.2994,-122.4622,PRCP,1893,2026,CA,SONOMA,29.6
USC00048353,37.9672,-120.38720000000001,PRCP,1903,2026,CA,SONORA,510.5
USC00048380,37.5122,-119.6331,PRCP,1941,2026,CA,SO ENTRANCE YOSEMITE NP,1538.3
USC00048587,39.5861,-122.5342,PRCP,1926,2026,CA,STONY GORGE RSVR,243.8
USC00048606,39.5319,-121.1611,PRCP,1948,2026,CA,STRAWBERRY VALLEY 2,1130.8
USC00048702,40.4167,-120.6631,PRCP,1893,2026,CA,SUSANVILLE 2SW,1283.8
USC00048713,38.3772,-120.8008,PRCP,1943,2026,CA,SUTTER HILL CDF,483.4
USC00048758,39.1678,-120.1428,PRCP,1903,2026,CA,TAHOE CITY,1898.9
USC00048839,35.0233,-118.7497,PRCP,1895,2026,CA,TEJON RANCHO,434.3
USC00048917,36.465,-118.8619,PRCP,1948,2024,CA,THREE RIVERS EDISON PH 1,347.5
USC00048999,37.6819,-121.3467,PRCP,1906,2026,CA,TRACY CARBONA,41.1
USC00049001,37.7958,-121.5831,PRCP,1955,2026,CA,TRACY PUMPING PLT,18.6
USC00049026,40.7264,-122.7947,PRCP,1974,2026,CA,TRINITY RVR HATCHERY,567.2
USC00049035,35.7636,-117.3908,PRCP,1920,2026,CA,TRONA,516.6
USC00049053,41.96,-121.4744,PRCP,1932,2026,CA,TULELAKE,1230.8
USC00049073,37.5019,-120.8456,PRCP,1893,2026,CA,TURLOCK #2,31.4
USC00049099,34.1281,-116.0369,PRCP,1935,2026,CA,TWENTYNINE PALMS,602
USC00049111,34.9881,-120.3211,PRCP,1962,2026,CA,TWITCHELL DAM,177.4
USC00049152,34.0697,-118.4428,PRCP,1933,2026,CA,U C L A,131.1
USC00049185,37.7719,-122.1675,PRCP,1948,2026,CA,UPPER SAN LEANDRO FILTERS,120.1
USC00049325,34.5253,-117.2964,PRCP,1917,2026,CA,VICTORVILLE,850.1
USC00049367,36.3283,-119.2997,PRCP,1895,2026,CA,VISALIA,92.4
USC00049378,33.2353,-117.2322,PRCP,1957,2026,CA,VISTA,131.1
USC00049390,40.4583,-121.8664,PRCP,1926,2026,CA,VOLTA PH,676.7
USC00049452,35.5892,-119.3519,PRCP,1901,2026,CA,WASCO,88.7
USC00049473,36.9308,-121.7692,PRCP,1908,2026,CA,WATSONVILLE WTR WKS,29
USC00049582,38.3775,-120.5453,PRCP,1894,2026,CA,W PT,845.8
USC00049621,40.6117,-122.5281,PRCP,1960,2026,CA,WHISKEYTOWN RSVR,394.7
USC00049699,39.5231,-122.3047,PRCP,1906,2026,CA,WILLOWS 6 W,71.3
USC00049742,38.5253,-121.9778,PRCP,1906,2026,CA,WINTERS,41.1
USC00049781,38.6828,-121.7939,PRCP,1906,2024,CA,WOODLAND 1 WNW,20.4
USC00049785,34.1819,-118.5744,PRCP,1949,2026,CA,WOODLAND HILLS PIERCE COLLEGE,240.8
USC00049855,37.7503,-119.5897,PRCP,1906,2026,CA,YOSEMITE PARK HQ,1224.7
USC00049866,41.7025,-122.6417,PRCP,1893,2026,CA,YREKA,826.6
USS0019L03S,38.85,-119.94,PRCP,1978,2026,CA,Hagan's Meadow,2370.1
USS0019L05S,38.61,-119.92,PRCP,1980,2026,CA,Blue Lakes,2455.8
USS0019L06S,38.51,-119.63,PRCP,1980,2026,CA,Poison Flat,2357.9
USS0019L07S,38.31,-119.6,PRCP,1978,2026,CA,Sonora Pass,2690.5
USS0019L08S,38.3,-119.55,PRCP,1980,2026,CA,Leavitt Meadows,2194
USS0019L13S,38.07,-119.23,PRCP,1978,2026,CA,Virginia Lakes Ridge,2878.8
USS0019L17S,38.44,-119.37,PRCP,1978,2026,CA,Lobdell Lake,2814.2
USS0019L19S,38.55,-119.8,PRCP,1978,2026,CA,Ebbetts Pass,2671.6
USS0019L24S,38.92,-119.92,PRCP,1978,2026,CA,Heavenly Valley,2615.8
USS0019L39S,38.67,-119.82,PRCP,1980,2026,CA,Spratt Creek,1863.9
USS0020H06S,41.58,-120.3,PRCP,1978,2026,CA,Cedar Pass,2142.7
USS0020H12S,41.99,-120.18,PRCP,1980,2026,CA,Dismal Swamp,2243.3
USS0020K03S,39.49,-120.28,PRCP,1980,2026,CA,Independence Creek,1967.8
USS0020K04S,39.45,-120.29,PRCP,1978,2026,CA,Independence Camp,2134.5
USS0020K05S,39.43,-120.31,PRCP,1978,2024,CA,Independence Lake,2545.7
USS0020K13S,39.3,-120.18,PRCP,1980,2026,CA,Truckee #2,1983.9
USS0020K25S,39.14,-120.22,PRCP,1979,2026,CA,Ward Creek #3,2028.4
USS0020K27S,39.17,-120.15,PRCP,1980,2026,CA,Tahoe City Cross,2071.7
USS0020K30S,39.19,-120.26,PRCP,1980,2026,CA,Squaw Valley G.C.,2447.2
USS0020L02S,39,-120.13,PRCP,1980,2026,CA,Rubicon #2,2343.6
USS0020L06S,38.85,-120.08,PRCP,1980,2026,CA,Echo Peak,2337.8
USS0020L10S,38.93,-120.05,PRCP,1979,2026,CA,Fallen Leaf,1900.7
USW00003104,33.6317,-116.1642,PRCP,1950,2026,CA,DESERT RESORTS RGNL AP,-36
USW00003122,33.8017,-118.3411,PRCP,1932,2026,CA,TORRANCE AP,27.4
USW00003144,32.8347,-115.5767,PRCP,1962,2026,CA,IMPERIAL CO AP,-16.8
USW00003159,34.7411,-118.2125,PRCP,1974,2026,CA,LANCASTER,712.6
USW00023110,36.3333,-119.95,PRCP,1961,2026,CA,LEMOORE REEVES NAS,70.7
USW00023119,33.9,-117.25,PRCP,1949,2026,CA,MARCH AFB,468.2
USW00023129,33.8117,-118.1472,PRCP,1949,2026,CA,LONG BEACH DAUGHERTY AP,10.4
USW00023130,34.2122,-118.4914,PRCP,1949,2026,CA,VAN NUYS AP,239.3
USW00023136,34.2114,-119.0875,PRCP,1952,2026,CA,CAMARILLO AP,21.6
USW00023155,35.4342,-119.0553,PRCP,1937,2026,CA,BAKERSFIELD AP,149.4
USW00023157,37.3711,-118.3589,PRCP,1895,2026,CA,BISHOP AP,1252.7
USW00023158,33.6189,-114.7144,PRCP,1948,2026,CA,BLYTHE ASOS,120.4
USW00023161,34.8536,-116.7869,PRCP,1943,2026,CA,BARSTOW-DAGGETT AP,584.9
USW00023174,33.9381,-118.3867,PRCP,1944,2026,CA,LOS ANGELES INTL AP,29.6
USW00023179,34.7678,-114.6183,PRCP,1940,2026,CA,NEEDLES AP,270.7
USW00023182,34.6294,-118.0831,PRCP,1948,2026,CA,PALMDALE AP,764.7
USW00023187,34.7436,-118.7253,PRCP,1934,2026,CA,SANDBERG,1374.6
USW00023188,32.7336,-117.1831,PRCP,1939,2026,CA,SAN DIEGO INTL AP,4.6
USW00023190,34.4242,-119.8425,PRCP,1941,2026,CA,SANTA BARBARA MUNI AP,2.4
USW00023191,33.4042,-118.4144,PRCP,1948,2026,CA,AVALON CATALINA AP,477
USW00023199,32.8325,-115.6639,PRCP,1945,2025,CA,EL CENTRO NAF,-14
USW00023202,38.2667,-121.9333,PRCP,1947,2025,CA,TRAVIS AFB,18
USW00023225,39.2761,-120.7092,PRCP,1940,2026,CA,BLUE CANYON NYACK AP,1611.2
USW00023230,37.7178,-122.2331,PRCP,1948,2026,CA,OAKLAND INTL AP,1.5
USW00023232,38.5067,-121.4961,PRCP,1941,2026,CA,SACRAMENTO AP ASOS,5.8
USW00023233,36.6636,-121.6092,PRCP,1930,2026,CA,SALINAS AP,22.3
USW00023234,37.6197,-122.3656,PRCP,1945,2026,CA,SAN FRANCISCO INTL AP,3
USW00023237,37.89,-121.2264,PRCP,1948,2026,CA,STOCKTON AP,8.2
USW00023258,37.6256,-120.955,PRCP,1906,2026,CA,MODESTO AP,26.5
USW00023259,36.5903,-121.8489,PRCP,1968,2026,CA,MONTEREY PENINSUL AP,48.8
USW00023271,38.5553,-121.4183,PRCP,1877,2025,CA,SACRAMENTO 5 ESE,11.6
USW00023272,37.7706,-122.4269,PRCP,1921,2026,CA,SAN FRANCISCO DWTN,45.7
USW00023273,34.8942,-120.4522,PRCP,1948,2026,CA,SANTA MARIA PUBLIC AP,74.1
USW00023275,39.1278,-123.2003,PRCP,1949,2026,CA,UKIAH MUNI AP,183.8
USW00024213,40.8097,-124.1603,PRCP,1941,2026,CA,EUREKA WFO WOODLEY IS,6.1
USW00024216,40.1519,-122.2547,PRCP,1892,2026,CA,RED BLUFF MUNI AP,107.9
USW00024259,41.7736,-122.4683,PRCP,1948,2026,CA,MONTAGUE SISKIYOU AP,806.2
USW00024286,41.7836,-124.2381,PRCP,1949,2026,CA,CRESCENT CITY MCNAMARA AP,17.1
USW00093104,35.6864,-117.6908,PRCP,1944,2026,CA,CHINA LAKE NAF,680
USW00093107,32.8667,-117.1333,PRCP,1947,2024,CA,SAN DIEGO MIRAMAR NAS,145.4
USW00093111,34.1242,-119.1228,PRCP,1946,2025,CA,PT MUGU NF,3.7
USW00093112,32.6922,-117.2097,PRCP,1945,2025,CA,N IS NAS,4.3
USW00093115,32.5681,-117.1172,PRCP,1945,2025,CA,IMPERIAL BEACH REAM FLD NAS,7.3
USW00093134,34.0236,-118.2911,PRCP,1906,2026,CA,LOS ANGELES DOWNTOWN/USC,54.6
USW00093193,36.78,-119.7203,PRCP,1948,2026,CA,FRESNO YOSEMITE INTL,101.8
USW00093209,35.6694,-120.6292,PRCP,1948,2026,CA,PASO ROBLES MUNI AP,249.9
USW00093230,38.8983,-119.9961,PRCP,1968,2026,CA,S LAKE TAHOE AP,1907.1
